{"noiseKey":{"private":{"type":"Buffer","data":"YPzg/ubXxEosNa9+ywKF/thE7hy6hAT0l+S3eCBhdk4="},"public":{"type":"Buffer","data":"e2nM+3GKrCj+E2kX0fVKY1CGHgB02Rv8nTOZexl5FmI="}},"pairingEphemeralKeyPair":{"private":{"type":"Buffer","data":"iKw3B2MkHOzQ8qubp9fk/ReQxmU8Ng3TaUrCfc84OWI="},"public":{"type":"Buffer","data":"vOpVt/pPMHPyQ7im22gcMUuoaNFr4remKnvo8Egc2xA="}},"signedIdentityKey":{"private":{"type":"Buffer","data":"QEnny3/pEPcT3yC5a7XX5VltE5FdO6wr1wQ4bJR7QVY="},"public":{"type":"Buffer","data":"W6LpHk2Eb67q6I2jMzgboTm8KBp/Aru6Y762cZJ1mHQ="}},"signedPreKey":{"keyPair":{"private":{"type":"Buffer","data":"SFNY+FuH01bNvwZs82sVbSUo10Hg40rfobH0+w2EzG4="},"public":{"type":"Buffer","data":"s1k2F95iY/GM647K4Rui2/qny5ICXZbRPP17jmboFy4="}},"signature":{"type":"Buffer","data":"N1Aj7NzFsDnzemRX58KuKJtYBbGSJc0OEw7AbiIwWa5x9gj/9rZB7AzTnKgtL7wRnlTaHbqF/D1IVVUsfwcYjw=="},"keyId":1},"registrationId":200,"advSecretKey":"0rivwxns3pQ6lcSPgfuH8ledezM07K7wOJ8MxNdWzgM=","processedHistoryMessages":[{"key":{"remoteJid":"6283189443839@s.whatsapp.net","fromMe":true,"id":"A69BCE0D9D27013D88386AD4C0A98259"},"messageTimestamp":1732929065},{"key":{"remoteJid":"6283189443839@s.whatsapp.net","fromMe":true,"id":"0CF927A8147DF0FD064ACA45A0D9CB07"},"messageTimestamp":1732929068},{"key":{"remoteJid":"6283189443839@s.whatsapp.net","fromMe":true,"id":"8B815FABF6281DDA94AF702C21F9AB50"},"messageTimestamp":1732929097},{"key":{"remoteJid":"6283189443839@s.whatsapp.net","fromMe":true,"id":"C863E3C81AB13447857F51D024189EF2"},"messageTimestamp":1732929110}],"nextPreKeyId":34,"firstUnuploadedPreKeyId":34,"accountSyncCounter":1,"accountSettings":{"unarchiveChats":false},"registered":true,"pairingCode":"ZGGM3XGX","me":{"id":"6283189443839:2@s.whatsapp.net","name":"AntiDev Violett","jid":"6283189443839@s.whatsapp.net","lid":"121402199928921:2@lid"},"account":{"details":"CIC1hJsBEJvMqboGGAIgACgA","accountSignatureKey":"jzMZ2fRgxX9ArugJt59vUP9ZIXdhsxs4IFfZwM12vic=","accountSignature":"sxm3lVgNo6iRqh8fn6p5ZrViUT/DHGiXOTzknABfiKLnEJI//eq7FHXvTVl7bFwIFyBgAttOgAZY8nQVz9ioAw==","deviceSignature":"yrRVsg6jAF4Krl2+zQQIRTgI7Dwx7hxgEbNHm+9G8p4ezANrkyxveTZYlgSMoe4SHkmge4Dk9tU8PHukSJM6ig=="},"signalIdentities":[{"identifier":{"name":"6283189443839:2@s.whatsapp.net","deviceId":0},"identifierKey":{"type":"Buffer","data":"BY8zGdn0YMV/QK7oCbefb1D/WSF3YbMbOCBX2cDNdr4n"}}],"platform":"smba","routingInfo":{"type":"Buffer","data":"CBIICA=="},"lastAccountSyncTimestamp":1732929188,"lastPropHash":"iEaZ1","myAppStateKeyId":"AAAAAL8m"}