[{"senderKeyId":221414217,"senderChainKey":{"iteration":107,"seed":"OSqS/VWQpMkOM8d3D+z5P3IX/0b77GQehImRbTkrW40="},"senderSigningKey":{"public":"BZ1f4zmHNuCZBzJNzKsm2wyBzNois9tmEJDv1dGqLGM8"},"senderMessageKeys":[{},{},{},{},{},{},{},{},{},{},{},{},{},{},{},{},{},{},{},{},{},{},{},{},{},{},{},{},{},{},{},{},{},{},{},{},{},{}]},{"senderKeyId":221414217,"senderChainKey":{"iteration":69,"seed":"vgaMn3WgtLI+QHZbVukTepfA5xuXY/6yIb4BSI2RKE4="},"senderSigningKey":{"public":"BZ1f4zmHNuCZBzJNzKsm2wyBzNois9tmEJDv1dGqLGM8"},"senderMessageKeys":[]},{"senderKeyId":221414217,"senderChainKey":{"iteration":73,"seed":"DyGNghazzj+QVU8eUDW8uiSALDgGpVl7fjUu6obFiPA="},"senderSigningKey":{"public":"BZ1f4zmHNuCZBzJNzKsm2wyBzNois9tmEJDv1dGqLGM8"},"senderMessageKeys":[]},{"senderKeyId":221414217,"senderChainKey":{"iteration":77,"seed":"6hKK46NGREKImBN7oYNcJZ9n5xt4wJtr70t+klhq/HI="},"senderSigningKey":{"public":"BZ1f4zmHNuCZBzJNzKsm2wyBzNois9tmEJDv1dGqLGM8"},"senderMessageKeys":[]},{"senderKeyId":221414217,"senderChainKey":{"iteration":81,"seed":"Yy7gWc+vuffYMr/OkIYPsrauBEoCw4emmxap2AuMOcc="},"senderSigningKey":{"public":"BZ1f4zmHNuCZBzJNzKsm2wyBzNois9tmEJDv1dGqLGM8"},"senderMessageKeys":[]}]