[{"senderKeyId":1634737757,"senderChainKey":{"iteration":3,"seed":"YZA9E2LJToaw75esKYYnn7yyYuqXNC07k2f7oAalRQI="},"senderSigningKey":{"public":"BTfocTYkOkFJMqfQMfyNOeQB0Q4mKMtjZXQijSwfD5NY"},"senderMessageKeys":[]},{"senderKeyId":3231391,"senderChainKey":{"iteration":26,"seed":"CbwlV/jflwj/r7c/isFFrrOA8UcesChAxhJ1kM6TxdU="},"senderSigningKey":{"public":"BUmZoCW0eQJ/x/NlM9b+PeCi6AoNIBZGl9tACkYlZIdf"},"senderMessageKeys":[]},{"senderKeyId":1665025037,"senderChainKey":{"iteration":56,"seed":"brS1y/WSX5bA77zKzJ0HChEvQcGicW1roHeQhn8U3V8="},"senderSigningKey":{"public":"BYu0nGmT662LZfdMi0f4MZBy8St9izLTzBZSIfXnIvMX"},"senderMessageKeys":[{},{},{}]}]