[{"senderKeyId":692724351,"senderChainKey":{"iteration":1,"seed":"ppBc+ybfvTzHKNeWb1dPKgXzTUiG8zKBQoxB4oaMYO4="},"senderSigningKey":{"public":"BTQ8ypAWrInYHeCrZo8lacunDbykDtuVtRXYrVNpyadn"},"senderMessageKeys":[]},{"senderKeyId":455169190,"senderChainKey":{"iteration":3,"seed":"4Gd1iSB5LsxcMoRB9WPO1F8rmFC15K2CqKp/kDewwZY="},"senderSigningKey":{"public":"BTdpmR/0zNeQyMcm+Spqta1LMgO5aifjllR0y1E9nb1J"},"senderMessageKeys":[]},{"senderKeyId":1470243206,"senderChainKey":{"iteration":3,"seed":"7ylCFDr3a2Jcs19uHLOrh4wjTDLtfbQ8adsJ03hOhMc="},"senderSigningKey":{"public":"BfoYfjcsc03byJwuIFJnI4XQRX0a0oaZ52swztcHUIks"},"senderMessageKeys":[]}]