[{"senderKeyId":1061586453,"senderChainKey":{"iteration":4,"seed":"7x/FcMiqRIXElD1mVxY5d1F1I3hs4D61KV0MfHL5rzs="},"senderSigningKey":{"public":"BWJ3lxgk4WHOolu1IkMtkabgb4/lL8QMLC/CeJd9m4Rw"},"senderMessageKeys":[]},{"senderKeyId":1329434844,"senderChainKey":{"iteration":19,"seed":"84XgZWTLiZYacMSsmFUV+2qtgpZw/+VGG6aENVMF4co="},"senderSigningKey":{"public":"BTes4iAIPPX7C7Gt0S6eX/k0icY/wHDnzH8hcknhpgsJ"},"senderMessageKeys":[]},{"senderKeyId":1277680452,"senderChainKey":{"iteration":25,"seed":"/62ZLX6fPJhCMsTRCSlTvOASG7RRoTrpNszIowcWb/Q="},"senderSigningKey":{"public":"BZXjG37qVXwXaWcnO+aQUr+F+t7exNp3HxVAGjFVAwUi"},"senderMessageKeys":[{}]}]