[{"senderKeyId":775729213,"senderChainKey":{"iteration":217,"seed":"4v6ILBV9D+03Rw5iqK16ucsmBoLzDFCdQQ1IgqF9aCQ="},"senderSigningKey":{"public":"BeTzsDAK4hE/xgZuYLQAr2aSrCljRYGZzKTg58WMDaQy","private":"+AjsymKWL369Koe0UqmmZHbMucKU40654HuFkJsq6VU="},"senderMessageKeys":[{},{},{},{},{},{},{},{},{},{},{},{},{},{},{},{},{},{},{},{},{},{},{},{},{},{},{},{},{},{},{},{},{},{},{},{},{},{},{},{},{},{},{},{},{},{},{},{},{},{},{},{},{},{},{},{},{},{},{},{},{},{},{},{},{},{},{},{},{},{},{},{},{},{},{},{},{},{},{},{},{},{},{},{},{},{},{},{},{},{},{},{},{},{},{},{},{},{},{},{},{},{},{},{},{},{},{},{}]}]