{"_sessions":{"BW+8j2trCYjlsPelBSH6EaLwpxOLg0zt8kDl1PBSAbUh":{"registrationId":241,"currentRatchet":{"ephemeralKeyPair":{"pubKey":"BVM4THaBVfuhI7RmPg7SqwckHsBwoUrnry9v/aQ9kHUo","privKey":"yHwatUPspNvaRK4H0Iz0pN+Q6XMELitV+SqOWQ3XZVE="},"lastRemoteEphemeralKey":"BWnMV1kmetgOr1U7dTr0qfbcllb14GAgPu636lkfIzBM","previousCounter":0,"rootKey":"QU+3TuGnkwZX6V976fa8/TJw4h06KdiEp5gjQbwbemI="},"indexInfo":{"baseKey":"BW+8j2trCYjlsPelBSH6EaLwpxOLg0zt8kDl1PBSAbUh","baseKeyType":1,"closed":-1,"used":1732929080762,"created":1732929080762,"remoteIdentityKey":"BYhjgKb3og8DO6HYVuVVEAVghT3zcvux+Qby9Dnldn8f"},"_chains":{"BVM4THaBVfuhI7RmPg7SqwckHsBwoUrnry9v/aQ9kHUo":{"chainKey":{"counter":14,"key":"JZI390ApF08b3nqLltQXaO0147AwRzyvX7qsGTN/98E="},"chainType":1,"messageKeys":{}}},"pendingPreKey":{"signedKeyId":1,"baseKey":"BW+8j2trCYjlsPelBSH6EaLwpxOLg0zt8kDl1PBSAbUh"}}},"version":"v1"}