{"_sessions":{"BSTSyuuO0K7n6mXf0uKr7sAuetFvxsX2GUruPUE9jkFG":{"registrationId":60572819,"currentRatchet":{"ephemeralKeyPair":{"pubKey":"BUXMKSUfv+eT1zAhqJ1FFyWMy9G8b43pxvgNLX5Ap7dG","privKey":"WADOVuj/zLHBhaLFfzeM+4bpRJgCBasAimmBdXgjaHc="},"lastRemoteEphemeralKey":"Bc9gRW7U6vn6BEr5tl3SWGOkmBsPeyEXlxWwI89b2zB9","previousCounter":9,"rootKey":"GOFo3onEnqMJlX6md0vtC72aNYtp2n7FekDLvldK5oM="},"indexInfo":{"baseKey":"BSTSyuuO0K7n6mXf0uKr7sAuetFvxsX2GUruPUE9jkFG","baseKeyType":1,"closed":-1,"used":1732933012920,"created":1732929081052,"remoteIdentityKey":"BQBoY/8/hH1sR3rml6J14Risr1zCEiJqL0z+l9BFQIN/"},"_chains":{"BSovj6kRoFhUP30U1hXHioW3o5a6dwQMmEaUCfbU2Xch":{"chainKey":{"counter":1},"chainType":2,"messageKeys":{"0":"tE1PGrBEU/nNOwz5e3j/7Pk2I6e8CAYEt7kqWxLailI="}},"Bc9gRW7U6vn6BEr5tl3SWGOkmBsPeyEXlxWwI89b2zB9":{"chainKey":{"counter":0,"key":"xylUwoHfaTiXOEysLgQRts+ar9ou8n695c1Kj8qleeU="},"chainType":2,"messageKeys":{}},"BUXMKSUfv+eT1zAhqJ1FFyWMy9G8b43pxvgNLX5Ap7dG":{"chainKey":{"counter":-1,"key":"uAiQe8JDY3+KFpg+YWKbZND3L8s+CXCpsBw9pQvGuEU="},"chainType":1,"messageKeys":{}}}}},"version":"v1"}