{"_sessions":{"BUX3zSrV6NgRmrDyKcS11KaLrDV/66kO3Ei4ZMYwnA8L":{"registrationId":3606,"currentRatchet":{"ephemeralKeyPair":{"pubKey":"BUq1GX5hWzhmLSuWUSVBfgcn4dqcwLiMIV+RHEKO7+Ai","privKey":"4EO51eG1B9K5b07sgbawLTH1dKN8CqZRTFSfj/Pp8Xg="},"lastRemoteEphemeralKey":"BZRCxgRswuqbxtEzqt9mn9PCyXP9WZzNCLYJ9NG6mQUo","previousCounter":0,"rootKey":"sfk1/QTRWrkuQ9DuoGNqn5U6eJovZQkVPZvNp9IHnLs="},"indexInfo":{"baseKey":"BUX3zSrV6NgRmrDyKcS11KaLrDV/66kO3Ei4ZMYwnA8L","baseKeyType":1,"closed":-1,"used":1732929080750,"created":1732929080750,"remoteIdentityKey":"BZjPlxadnWatci0NyRlN8xOF28QjAWr8Qdesl8dL7mt6"},"_chains":{"BUq1GX5hWzhmLSuWUSVBfgcn4dqcwLiMIV+RHEKO7+Ai":{"chainKey":{"counter":14,"key":"Nsdm0gL2lELE/DbSLS/Ti6AFsVV8Kv7VMNpCi6LoGnc="},"chainType":1,"messageKeys":{}}},"pendingPreKey":{"signedKeyId":1,"baseKey":"BUX3zSrV6NgRmrDyKcS11KaLrDV/66kO3Ei4ZMYwnA8L","preKeyId":402}}},"version":"v1"}