{"_sessions":{"BbhziKYYGtjlFnUnIph7nkC9H95YWUOXJWzq1iuDY2IS":{"registrationId":153,"currentRatchet":{"ephemeralKeyPair":{"pubKey":"BSyRq5KrvIaeoA4h1IPoM53KSWqyF6GUfPkr4RITTJ9f","privKey":"4CR5otr+fSkkT/ulYqFmiKytTTc1EYI7dWAm3usoe0E="},"lastRemoteEphemeralKey":"BRqyVL4PKmHICsK/ou88Av+8BlpzGgudLYjdUq5yrigL","previousCounter":0,"rootKey":"fS3TckRWlmotdWkUDkd40VEiiV0O9eKMcR/pgJJRiI0="},"indexInfo":{"baseKey":"BbhziKYYGtjlFnUnIph7nkC9H95YWUOXJWzq1iuDY2IS","baseKeyType":1,"closed":-1,"used":1732929101818,"created":1732929101818,"remoteIdentityKey":"BUhtbyFvWVOcqeLsfgDdoByc5DAzfNpIjCyI7aUNKRVU"},"_chains":{"BSyRq5KrvIaeoA4h1IPoM53KSWqyF6GUfPkr4RITTJ9f":{"chainKey":{"counter":8,"key":"ru5IcI0rg6znNlsqzZI7oDx8RL/iG22NJHr6+UMPZTM="},"chainType":1,"messageKeys":{}}},"pendingPreKey":{"signedKeyId":1,"baseKey":"BbhziKYYGtjlFnUnIph7nkC9H95YWUOXJWzq1iuDY2IS"}}},"version":"v1"}