{"_sessions":{"BdXNbkxM/w1FhO9EqeiL2nYnRMgScA9WKqRrJtqHL9cF":{"registrationId":1456437389,"currentRatchet":{"ephemeralKeyPair":{"pubKey":"BQ8tkTY9VqIKPo8RyDaEvRC5HiPbNMZgOfyJ8zIJlthn","privKey":"aEWpmTb9yIdB0Bk0fZ3hXXNd49L/vkTBWnE5WWEO3FA="},"lastRemoteEphemeralKey":"BQp/OQF+1CISG8PxhTRXStlTeWFCe+GggVbZp9iM1vQm","previousCounter":8,"rootKey":"NxmpT8JcFTrQ+KqlGepgCcSR2e7PpIvfQg90UqzoAJg="},"indexInfo":{"baseKey":"BdXNbkxM/w1FhO9EqeiL2nYnRMgScA9WKqRrJtqHL9cF","baseKeyType":1,"closed":-1,"used":1732933971161,"created":1732929101832,"remoteIdentityKey":"BYIAyldtU5in2Zxzez1YNWVpvNelVmTkkveBLQ0ZKkct"},"_chains":{"BQp/OQF+1CISG8PxhTRXStlTeWFCe+GggVbZp9iM1vQm":{"chainKey":{"counter":0,"key":"DMsrbUeZwsSueOVllrLhG++eA4AZ8ZpcMmNlDvlvlek="},"chainType":2,"messageKeys":{}},"BQ8tkTY9VqIKPo8RyDaEvRC5HiPbNMZgOfyJ8zIJlthn":{"chainKey":{"counter":-1,"key":"zYDG5QJBNt/xu5XUtiUjUXgOA/Tmr7zW6o4V24wgQYU="},"chainType":1,"messageKeys":{}}}}},"version":"v1"}