{"_sessions":{"BZT3CUs7uPCmZqJ+aAxmY/MepHECZxidMyy0I/zia5Jt":{"registrationId":93,"currentRatchet":{"ephemeralKeyPair":{"pubKey":"BU8uQJgL9Cmv8jA0OhBIbrOImFKooMGxSJRDAPztDJAy","privKey":"2E9JLKaFgK2a+tgDbnLEg49gParxduqyxjc3DIkjFWo="},"lastRemoteEphemeralKey":"BZnjFBtbvskw+kDi/tkVBsEAip+HET8YMFB82K1tvfQ/","previousCounter":0,"rootKey":"AmIk1V89jrIKn1Ml5d7PmnJLFawJs3weQdea7pH/ZyA="},"indexInfo":{"baseKey":"BZT3CUs7uPCmZqJ+aAxmY/MepHECZxidMyy0I/zia5Jt","baseKeyType":1,"closed":1732929103929,"used":1732929101823,"created":1732929101823,"remoteIdentityKey":"BQQ6QdZb/rxbkcc5F3SzwCXDT9vA/SNvWIRBkt6JWjkf"},"_chains":{"BU8uQJgL9Cmv8jA0OhBIbrOImFKooMGxSJRDAPztDJAy":{"chainKey":{"counter":0,"key":"nh0cWzUV5KUK/9ztpdehOO1ssicuJjOFg85JaNzz09I="},"chainType":1,"messageKeys":{}}},"pendingPreKey":{"signedKeyId":1,"baseKey":"BZT3CUs7uPCmZqJ+aAxmY/MepHECZxidMyy0I/zia5Jt","preKeyId":100}},"BYYe36bIfxRI4QF97g9ZCQodA/HcJv7YFrIs6q4kIQpV":{"registrationId":93,"currentRatchet":{"ephemeralKeyPair":{"pubKey":"BWEM9Z4ilRYZT8bOS4XQQfJHQLndhwn7OlLGqva3Mw0A","privKey":"UB607GuU7gsKp61mArbrPqB5jUAE0afueVFH5vYfGGs="},"lastRemoteEphemeralKey":"BUkSSOKjZRuYlXmhKZky6YHE1njIUgpNJytEzqWDKCF6","previousCounter":0,"rootKey":"VPL0Crozt/K22yZ/yR7bLbZdoNwWu+RvyfE/YaxCZ/Y="},"indexInfo":{"baseKey":"BYYe36bIfxRI4QF97g9ZCQodA/HcJv7YFrIs6q4kIQpV","baseKeyType":2,"closed":-1,"used":1732929103933,"created":1732929103933,"remoteIdentityKey":"BQQ6QdZb/rxbkcc5F3SzwCXDT9vA/SNvWIRBkt6JWjkf"},"_chains":{"BUkSSOKjZRuYlXmhKZky6YHE1njIUgpNJytEzqWDKCF6":{"chainKey":{"counter":0,"key":"A0A0m9sU2aN5rQeZj9Rxbc5dq1q1XW3AbETsVEgr8nA="},"chainType":2,"messageKeys":{}},"BWEM9Z4ilRYZT8bOS4XQQfJHQLndhwn7OlLGqva3Mw0A":{"chainKey":{"counter":7,"key":"j32Zbz7Z8EmE+kZPvN4MMzWzazuSMMJrl+NWovua6cE="},"chainType":1,"messageKeys":{}}}}},"version":"v1"}