{"_sessions":{"BVGZkc2VOILQmXbX+7cybe8pPBLx8aJtqMkW3oSKnex4":{"registrationId":1161342177,"currentRatchet":{"ephemeralKeyPair":{"pubKey":"BeTUebqGXrq+MPQOCn7uK1BeO1+b7X+8KePR4MBAIi1G","privKey":"gMsyCnIFx3l9bivhMUXCdr7z2aKdROjsAbx0Gb7XHWw="},"lastRemoteEphemeralKey":"BeoOThAxsj/icLW3FMSUUomfl3C6ixE5RMfAbEGXQStR","previousCounter":0,"rootKey":"gbzIDzQ0V6LJc3DoZ8yiGPwTxDHe7Mioxzvbo/UnP7E="},"indexInfo":{"baseKey":"BVGZkc2VOILQmXbX+7cybe8pPBLx8aJtqMkW3oSKnex4","baseKeyType":2,"closed":1732929106724,"used":1732929066350,"created":1732929066350,"remoteIdentityKey":"BXkdxDBCBCNHPcygUf5Y+VvcDszKcNcCh2AzmdMLwEIa"},"_chains":{"BeoOThAxsj/icLW3FMSUUomfl3C6ixE5RMfAbEGXQStR":{"chainKey":{"counter":0,"key":"x6xeE7MKa3XVF66h6vMb7h040VCEm0tfyti1JQpvwQo="},"chainType":2,"messageKeys":{}},"BeTUebqGXrq+MPQOCn7uK1BeO1+b7X+8KePR4MBAIi1G":{"chainKey":{"counter":2,"key":"UAaYweg8zCVvXNCzosPB6+Sa+nIV86mS6wArOAn2e9Q="},"chainType":1,"messageKeys":{}}}},"Ba600vR0bCHsofcnUOU4j1k7wXHe3lpWPKbDfpjAeORr":{"registrationId":1161342177,"currentRatchet":{"ephemeralKeyPair":{"pubKey":"BRp6x3N0Sy5wwnM2wTnAC78SrU/EBAfefw/ctP/meuMj","privKey":"sKZw6rG9aWuxO/qOCLx9ap4k+IZE2VvXsrOepGZ26mI="},"lastRemoteEphemeralKey":"BaJ4dVmZEplJG7Lt08OdC5Pn8JBSivDD0wnTgMc8iv53","previousCounter":0,"rootKey":"m5r3y9yWozNHME0QJCWhFYyERtCJa6w5JoBhd4cPXjY="},"indexInfo":{"baseKey":"Ba600vR0bCHsofcnUOU4j1k7wXHe3lpWPKbDfpjAeORr","baseKeyType":1,"closed":1732929109425,"used":1732929106719,"created":1732929106719,"remoteIdentityKey":"BXkdxDBCBCNHPcygUf5Y+VvcDszKcNcCh2AzmdMLwEIa"},"_chains":{"BRp6x3N0Sy5wwnM2wTnAC78SrU/EBAfefw/ctP/meuMj":{"chainKey":{"counter":-1,"key":"rHMa+0cH/qOVjRSPMZPeRK/c7qXxtWHX22w1viezCUM="},"chainType":1,"messageKeys":{}}},"pendingPreKey":{"signedKeyId":0,"baseKey":"Ba600vR0bCHsofcnUOU4j1k7wXHe3lpWPKbDfpjAeORr","preKeyId":2236244}},"BY62vvXoYVTv9CTASti1iowihKCh/BFFSiafu1jgXC8t":{"registrationId":1161342177,"currentRatchet":{"ephemeralKeyPair":{"pubKey":"BSWJc6S9DsQQXY+q22OeB7kG43VJ4LedsccMMAwk60ll","privKey":"+IH4BWt9FuqyL4p8rtf/pS4uhXSAMgkCAsIBWiGxZE8="},"lastRemoteEphemeralKey":"BaJ4dVmZEplJG7Lt08OdC5Pn8JBSivDD0wnTgMc8iv53","previousCounter":0,"rootKey":"aK4yvnhrmCzPNc25LCZAcKJuSB2ipN/dDl3Lbsr0O7Q="},"indexInfo":{"baseKey":"BY62vvXoYVTv9CTASti1iowihKCh/BFFSiafu1jgXC8t","baseKeyType":1,"closed":1732929111062,"used":1732929109421,"created":1732929109421,"remoteIdentityKey":"BXkdxDBCBCNHPcygUf5Y+VvcDszKcNcCh2AzmdMLwEIa"},"_chains":{"BSWJc6S9DsQQXY+q22OeB7kG43VJ4LedsccMMAwk60ll":{"chainKey":{"counter":-1,"key":"eq6HxAYmCFluzAYuVRwMMpYYZbYCwMwW0Q0O0o0n2OA="},"chainType":1,"messageKeys":{}}},"pendingPreKey":{"signedKeyId":0,"baseKey":"BY62vvXoYVTv9CTASti1iowihKCh/BFFSiafu1jgXC8t","preKeyId":2236230}},"BdIreemy/ylRWemi6hOtZspPA5t9KA2BuDT0lYIYGnRM":{"registrationId":1161342177,"currentRatchet":{"ephemeralKeyPair":{"pubKey":"BW36MJbZmRirFw7oMi3AoAVO37keu8ObhKPg4/KlDDIg","privKey":"iNGRYKvMfQtrBW9JaHbDuBieT68AIIeQjYHsfnNjZ2I="},"lastRemoteEphemeralKey":"BaJ4dVmZEplJG7Lt08OdC5Pn8JBSivDD0wnTgMc8iv53","previousCounter":0,"rootKey":"AbF4oO2+VFEyjGt2tkaNPSaB4nY15ZYLATJvTGBAyk8="},"indexInfo":{"baseKey":"BdIreemy/ylRWemi6hOtZspPA5t9KA2BuDT0lYIYGnRM","baseKeyType":1,"closed":1732929112843,"used":1732929111038,"created":1732929111038,"remoteIdentityKey":"BXkdxDBCBCNHPcygUf5Y+VvcDszKcNcCh2AzmdMLwEIa"},"_chains":{"BW36MJbZmRirFw7oMi3AoAVO37keu8ObhKPg4/KlDDIg":{"chainKey":{"counter":-1,"key":"wSatR73XtUNuQh1E94rfJdzzNt9IilyX0t0W07f7AKM="},"chainType":1,"messageKeys":{}}},"pendingPreKey":{"signedKeyId":0,"baseKey":"BdIreemy/ylRWemi6hOtZspPA5t9KA2BuDT0lYIYGnRM","preKeyId":2236214}},"BdovavUpCu7YrsIEc4Lywdo1VrzpKxLyvQYqHl6a7PUG":{"registrationId":1161342177,"currentRatchet":{"ephemeralKeyPair":{"pubKey":"BcwTYC3SAokuCtc96MUcyKcj2AvFx8W0Wp863Qq1dMpI","privKey":"+KuKeLNSqBkt4wNPW1KZXdlE2KhgvPX8Ps9QIwcZ4kE="},"lastRemoteEphemeralKey":"BaJ4dVmZEplJG7Lt08OdC5Pn8JBSivDD0wnTgMc8iv53","previousCounter":0,"rootKey":"+3S8ZmBlpfEVTKOVY3EhuAqIQuQLPDjtyIGtIwPJmJk="},"indexInfo":{"baseKey":"BdovavUpCu7YrsIEc4Lywdo1VrzpKxLyvQYqHl6a7PUG","baseKeyType":1,"closed":1732929114353,"used":1732929112831,"created":1732929112831,"remoteIdentityKey":"BXkdxDBCBCNHPcygUf5Y+VvcDszKcNcCh2AzmdMLwEIa"},"_chains":{"BcwTYC3SAokuCtc96MUcyKcj2AvFx8W0Wp863Qq1dMpI":{"chainKey":{"counter":0,"key":"1wqMcMVtfajPkJuIT8lIxedq7f3hMKRoNU/zQNk6ZOM="},"chainType":1,"messageKeys":{}}},"pendingPreKey":{"signedKeyId":0,"baseKey":"BdovavUpCu7YrsIEc4Lywdo1VrzpKxLyvQYqHl6a7PUG","preKeyId":2236283}},"BV9qsRqZksHhmcchkn0VrVPFrfVQFYNpVdLF4NEq8483":{"registrationId":1161342177,"currentRatchet":{"ephemeralKeyPair":{"pubKey":"BUv7hpkHGbnG1xWxrEKQyeNAzhd0Ap1xMF0+Pong/OJZ","privKey":"MPSlLzKoHENAYLx8BXZawUtRqQOttiGYFBufT0SHi08="},"lastRemoteEphemeralKey":"BV9N1yczJ7HxsU518t2QyaHs8X9/NiD2YXbKtgIoCdBa","previousCounter":0,"rootKey":"mAMykhSS4Q/7S8ICZjxDLQtXqmyECzwA2ZG6NtbtXdY="},"indexInfo":{"baseKey":"BV9qsRqZksHhmcchkn0VrVPFrfVQFYNpVdLF4NEq8483","baseKeyType":1,"closed":1732929117856,"used":1732929306627,"created":1732929114345,"remoteIdentityKey":"BXkdxDBCBCNHPcygUf5Y+VvcDszKcNcCh2AzmdMLwEIa"},"_chains":{"BV9N1yczJ7HxsU518t2QyaHs8X9/NiD2YXbKtgIoCdBa":{"chainKey":{"counter":0,"key":"lxK6rMKz9yGvKcea7NaCsOfyqLDEh1S/WI73I1aSJRU="},"chainType":2,"messageKeys":{}},"BUv7hpkHGbnG1xWxrEKQyeNAzhd0Ap1xMF0+Pong/OJZ":{"chainKey":{"counter":-1,"key":"DVhAxZrnx0bXbMLk63rlzLgtFcnpqsSpCFagqOwUxko="},"chainType":1,"messageKeys":{}}}},"BVkTZdcu4aSdrwofJ2obNer8TraXqrjQlyZ7A4TGN8Z4":{"registrationId":1161342177,"currentRatchet":{"ephemeralKeyPair":{"pubKey":"BWbeVqcUqtGO1nlxgupu5IO6VL2ITLxasBhEj06JU19a","privKey":"6HW0LmpN0b3n8W5JtFYIcPv210oZ3OQtauwmxjxhjFk="},"lastRemoteEphemeralKey":"BV9N1yczJ7HxsU518t2QyaHs8X9/NiD2YXbKtgIoCdBa","previousCounter":-1,"rootKey":"U3Eu6vopNK1HjjJ6Nx0v24JeGDXaRgaGffI+HwOAd4M="},"indexInfo":{"baseKey":"BVkTZdcu4aSdrwofJ2obNer8TraXqrjQlyZ7A4TGN8Z4","baseKeyType":1,"closed":1732929119345,"used":1732929117853,"created":1732929117853,"remoteIdentityKey":"BXkdxDBCBCNHPcygUf5Y+VvcDszKcNcCh2AzmdMLwEIa"},"_chains":{"BV9N1yczJ7HxsU518t2QyaHs8X9/NiD2YXbKtgIoCdBa":{"chainKey":{"counter":0,"key":"d/fBo173ftQeTEfnHehPhRWV78b5SaqTPfWSax7s6yg="},"chainType":2,"messageKeys":{}},"BWbeVqcUqtGO1nlxgupu5IO6VL2ITLxasBhEj06JU19a":{"chainKey":{"counter":-1,"key":"7UPc2318NkQcPsAXFVkdvAWTvOWMJ5BXp7e9q0pqKuI="},"chainType":1,"messageKeys":{}}},"pendingPreKey":{"signedKeyId":0,"baseKey":"BVkTZdcu4aSdrwofJ2obNer8TraXqrjQlyZ7A4TGN8Z4","preKeyId":2236223}},"BW5U0AsMOQtZbMkm79rxjDH7+kkt0WK62uVg2kk6O0xx":{"registrationId":1161342177,"currentRatchet":{"ephemeralKeyPair":{"pubKey":"BR89isO32O2piQZUMU9rd4dKyBEaOiZsyGcjq3VktfUx","privKey":"4E0vYmBjuJi69l5H6p+tsJpBuvSgqiMiy1cE0wGsXm0="},"lastRemoteEphemeralKey":"BV9N1yczJ7HxsU518t2QyaHs8X9/NiD2YXbKtgIoCdBa","previousCounter":-1,"rootKey":"/Xd9mLbFMYFvj96hKVLG+RhG8ateERDRjX9KBrfSkYI="},"indexInfo":{"baseKey":"BW5U0AsMOQtZbMkm79rxjDH7+kkt0WK62uVg2kk6O0xx","baseKeyType":1,"closed":1732929120936,"used":1732929119335,"created":1732929119335,"remoteIdentityKey":"BXkdxDBCBCNHPcygUf5Y+VvcDszKcNcCh2AzmdMLwEIa"},"_chains":{"BV9N1yczJ7HxsU518t2QyaHs8X9/NiD2YXbKtgIoCdBa":{"chainKey":{"counter":0,"key":"CoMywBv56tBv1aSASZKlzLeIOzAJsbrZcYofrtqaX0o="},"chainType":2,"messageKeys":{}},"BR89isO32O2piQZUMU9rd4dKyBEaOiZsyGcjq3VktfUx":{"chainKey":{"counter":-1,"key":"bBQFGvXlp3mAQr4XRkl5l0xIuS0j1C1WdEn1QX/5c8E="},"chainType":1,"messageKeys":{}}},"pendingPreKey":{"signedKeyId":0,"baseKey":"BW5U0AsMOQtZbMkm79rxjDH7+kkt0WK62uVg2kk6O0xx","preKeyId":2236969}},"BQqpW/2aUNIa6/8BALHIE5/hrPlXOKIOvVK/SYWD9Rlm":{"registrationId":1161342177,"currentRatchet":{"ephemeralKeyPair":{"pubKey":"Baoo0FasbXQnrkcVd6dStuJ7Tya5njp0Z0xnUe/YG6Yu","privKey":"UBD94WeYjwcXBrRKBl8UT9icAfN0+ElHOanpDhcvJU4="},"lastRemoteEphemeralKey":"BV9N1yczJ7HxsU518t2QyaHs8X9/NiD2YXbKtgIoCdBa","previousCounter":-1,"rootKey":"p8DeBl+doorpgpM2cRTKNcv4LI72j90dgSfwWd/w5u0="},"indexInfo":{"baseKey":"BQqpW/2aUNIa6/8BALHIE5/hrPlXOKIOvVK/SYWD9Rlm","baseKeyType":1,"closed":1732929122336,"used":1732929120926,"created":1732929120926,"remoteIdentityKey":"BXkdxDBCBCNHPcygUf5Y+VvcDszKcNcCh2AzmdMLwEIa"},"_chains":{"BV9N1yczJ7HxsU518t2QyaHs8X9/NiD2YXbKtgIoCdBa":{"chainKey":{"counter":0,"key":"eROfyzPwHdpRUBe4xHPG7RR2ztamLYgc5XBj2jCAYBk="},"chainType":2,"messageKeys":{}},"Baoo0FasbXQnrkcVd6dStuJ7Tya5njp0Z0xnUe/YG6Yu":{"chainKey":{"counter":-1,"key":"U+SRj+U2g0zLSZuPE39VB/Gnds0SLy5Bovr/YIcWnrU="},"chainType":1,"messageKeys":{}}},"pendingPreKey":{"signedKeyId":0,"baseKey":"BQqpW/2aUNIa6/8BALHIE5/hrPlXOKIOvVK/SYWD9Rlm","preKeyId":2236232}},"BXJjHalRVmpZKxI9zYdnz75KIiGRCu9ffdPmhMKx9/d4":{"registrationId":1161342177,"currentRatchet":{"ephemeralKeyPair":{"pubKey":"BVG7psG5iC+VKW2YrdtYnJYO/OzFt5YhNU/yLNZqDHxK","privKey":"+LM4qqak6/wLJSUw2UjqkFdGLmyt9kBUxKkb712OzHs="},"lastRemoteEphemeralKey":"BV9N1yczJ7HxsU518t2QyaHs8X9/NiD2YXbKtgIoCdBa","previousCounter":-1,"rootKey":"RZMwBLcv5FHr8govnK+r+gfHwWhTunX/atznU5r/Uw8="},"indexInfo":{"baseKey":"BXJjHalRVmpZKxI9zYdnz75KIiGRCu9ffdPmhMKx9/d4","baseKeyType":1,"closed":1732929369340,"used":1732929122334,"created":1732929122334,"remoteIdentityKey":"BXkdxDBCBCNHPcygUf5Y+VvcDszKcNcCh2AzmdMLwEIa"},"_chains":{"BV9N1yczJ7HxsU518t2QyaHs8X9/NiD2YXbKtgIoCdBa":{"chainKey":{"counter":0,"key":"mPrONZJ/dJXY8RUDcpQ3coO0J6Oyl01JCfbi9pvEpQ0="},"chainType":2,"messageKeys":{}},"BVG7psG5iC+VKW2YrdtYnJYO/OzFt5YhNU/yLNZqDHxK":{"chainKey":{"counter":1,"key":"TAcz6lcZMiqRN3JT7g7N5T3FJwZuRK8AcaBCJYZMD6c="},"chainType":1,"messageKeys":{}}},"pendingPreKey":{"signedKeyId":0,"baseKey":"BXJjHalRVmpZKxI9zYdnz75KIiGRCu9ffdPmhMKx9/d4","preKeyId":2236958}},"BeskW98pRVA+XfHD2WgfazVE+FNV8LyODEmT+RO24/UK":{"registrationId":1161342177,"currentRatchet":{"ephemeralKeyPair":{"pubKey":"Bd38Z3i1qztn8tqosPM63SUaLgP2aKBmHfwxlmjKwAkR","privKey":"eJqDMmsERV8j8EWFjhgEVuZToxBccBCISAH01ZUePFI="},"lastRemoteEphemeralKey":"BdYXxIb+8BWYh8IzQoatNtupQCkw5lNb6IN52AZXsGNv","previousCounter":2,"rootKey":"FL/k6B4oUqreeJbC+iJl3jOpL0O5k5tcSGP3ztmOs4o="},"indexInfo":{"baseKey":"BeskW98pRVA+XfHD2WgfazVE+FNV8LyODEmT+RO24/UK","baseKeyType":1,"closed":-1,"used":1732931157842,"created":1732929369029,"remoteIdentityKey":"BXkdxDBCBCNHPcygUf5Y+VvcDszKcNcCh2AzmdMLwEIa"},"_chains":{"BVDLs0tVjUePyUU6DTigsiTUmlHQYbq3bPAOzPoFmlws":{"chainKey":{"counter":0},"chainType":2,"messageKeys":{}},"BdYXxIb+8BWYh8IzQoatNtupQCkw5lNb6IN52AZXsGNv":{"chainKey":{"counter":0,"key":"i6C780gM1IchN89I07G042ZzoBpJCUqsJeF+WZMn92s="},"chainType":2,"messageKeys":{}},"Bd38Z3i1qztn8tqosPM63SUaLgP2aKBmHfwxlmjKwAkR":{"chainKey":{"counter":5,"key":"hSvOHxRvNM55S/hK0B9e2IDmDsSXFvq+96u2PnYtr+M="},"chainType":1,"messageKeys":{}}}}},"version":"v1"}