{"_sessions":{"BSbvLdEVNi5Kzp65T4Rj60CNLDVzVlu4piFzRInoQ+c0":{"registrationId":212,"currentRatchet":{"ephemeralKeyPair":{"pubKey":"BXBurLyc7hstRsnQfHLueZY601Ao/BfsbFgHmdpmVkZm","privKey":"kMysEdr+Hjta1CCKb2Tar6wdwCP6M662jgYhSvsLZU4="},"lastRemoteEphemeralKey":"BQA1fMNVuKgDB0C0RZIs2Sqlc4kJ4qzSnGcOIRVXxl5b","previousCounter":0,"rootKey":"3vPF0PrXaITyu47u5DN163tlQ7nViPhtKASRx4lVH2Q="},"indexInfo":{"baseKey":"BSbvLdEVNi5Kzp65T4Rj60CNLDVzVlu4piFzRInoQ+c0","baseKeyType":1,"closed":-1,"used":1732929820856,"created":1732929820856,"remoteIdentityKey":"Bdijccxw5sQ0AANZgxXs73bjFIBHccnFmjTFIWNNtPR4"},"_chains":{"BXBurLyc7hstRsnQfHLueZY601Ao/BfsbFgHmdpmVkZm":{"chainKey":{"counter":12,"key":"AOSwewD5k4yXyTq0nDzCyr5p4cFQ8qkKRA+zPJv9ZXU="},"chainType":1,"messageKeys":{}}},"pendingPreKey":{"signedKeyId":1,"baseKey":"BSbvLdEVNi5Kzp65T4Rj60CNLDVzVlu4piFzRInoQ+c0"}}},"version":"v1"}