{"_sessions":{"BRXRaOba2t7BQoVYlcZy9kSwxqKLa/ic20jlLutvLW5K":{"registrationId":1106338179,"currentRatchet":{"ephemeralKeyPair":{"pubKey":"BVq/5KMFm1bFl8amEbUsc+gGFkGPCgxypu7PiqT17AR5","privKey":"kDz+gFJS3GQ1G6iWMVejln+o6rum0+P5RvB3xSFD3Ek="},"lastRemoteEphemeralKey":"BQNb2NB1XYw+o7Evle5+YoubcSOTD916p2KBa7K4jo5+","previousCounter":0,"rootKey":"YDYkWj4RmYJTSm3yKBIDRtcrVZCkFO8ry/CE6ToaxwY="},"indexInfo":{"baseKey":"BRXRaOba2t7BQoVYlcZy9kSwxqKLa/ic20jlLutvLW5K","baseKeyType":1,"closed":-1,"used":1732929101828,"created":1732929101828,"remoteIdentityKey":"BdsilBchkvW1s09wS4BaB0eVbizFacX2KKx+DF5CuUgo"},"_chains":{"BVq/5KMFm1bFl8amEbUsc+gGFkGPCgxypu7PiqT17AR5":{"chainKey":{"counter":8,"key":"s1RRZNHf3eal0p60WYFn4QktMKWe8dIh8s0cQdtqX7M="},"chainType":1,"messageKeys":{}}},"pendingPreKey":{"signedKeyId":0,"baseKey":"BRXRaOba2t7BQoVYlcZy9kSwxqKLa/ic20jlLutvLW5K","preKeyId":8187525}}},"version":"v1"}