{"_sessions":{"BU2c7AiUrv59NV8t2I6uFNNBZTDSpwusHACy4uIJxIEV":{"registrationId":34,"currentRatchet":{"ephemeralKeyPair":{"pubKey":"BTNSebzexNm4vPIsNMmWRyHhs8G6ldSi4i6ptJeaoHt+","privKey":"+Ph8eBVT+7J5BwBuFXfvOQngMR04/HPet8sV/BiM/GU="},"lastRemoteEphemeralKey":"Bc7GYmBmqQ5yQ6u6//xfEbQRPF8k/kHZrDKGez9mXtpR","previousCounter":0,"rootKey":"VPdLQLRDphjYzi60lc4X22HADRgdEigbC3Eb2T9UCEM="},"indexInfo":{"baseKey":"BU2c7AiUrv59NV8t2I6uFNNBZTDSpwusHACy4uIJxIEV","baseKeyType":1,"closed":-1,"used":1732929058428,"created":1732929058428,"remoteIdentityKey":"BUaIWRqerRWnB3MPCdL6sPGFLTQdK1zzXx7BS0ryfmxI"},"_chains":{"BTNSebzexNm4vPIsNMmWRyHhs8G6ldSi4i6ptJeaoHt+":{"chainKey":{"counter":227,"key":"vkcR/Iw/bmm8YZZnncFPEbzfINE1X/Uv6j9HeXVF82Y="},"chainType":1,"messageKeys":{}}},"pendingPreKey":{"signedKeyId":1,"baseKey":"BU2c7AiUrv59NV8t2I6uFNNBZTDSpwusHACy4uIJxIEV"}}},"version":"v1"}