{"_sessions":{"BYpAesq0M31kmu6ug5t4dyOkT8klN1AIAc+uPen+X9Nu":{"registrationId":2018912669,"currentRatchet":{"ephemeralKeyPair":{"pubKey":"BQieQzZVBQZwKcsQLwGziRYVa7lB8tLvjqNJZOTYrq4V","privKey":"gFYIqbLZCG+liQvRjxRFqz0lzz9DRNXBT0Jvu9r8f3c="},"lastRemoteEphemeralKey":"BYpXMqiEJEib9l8sR2VnE72c2aOkkChjgsM6/0J+VK9o","previousCounter":0,"rootKey":"bIflBEonx/tbmohN7Ift2S04X36iw+ChAtM5eVSSbYE="},"indexInfo":{"baseKey":"BYpAesq0M31kmu6ug5t4dyOkT8klN1AIAc+uPen+X9Nu","baseKeyType":2,"closed":-1,"used":1732933740226,"created":1732933740226,"remoteIdentityKey":"Bd97O3IzzHmqAKEgEzt49YJHVueIMSY41MxONO3yepFT"},"_chains":{"BYpXMqiEJEib9l8sR2VnE72c2aOkkChjgsM6/0J+VK9o":{"chainKey":{"counter":1,"key":"D9iS94vIxA3Xt9EhhC2mVJIxt7dFVmZXqvm6KFat6ts="},"chainType":2,"messageKeys":{}},"BQieQzZVBQZwKcsQLwGziRYVa7lB8tLvjqNJZOTYrq4V":{"chainKey":{"counter":-1,"key":"5F5ZOJytb3q0BykCWmExwbEk4Bp6HvVQcjicGH2Eyds="},"chainType":1,"messageKeys":{}}}}},"version":"v1"}