{"_sessions":{"BZJzYeFY5mMgCwQfX1pRj5KMii/BLs773CLgcy2mnS0d":{"registrationId":2118394170,"currentRatchet":{"ephemeralKeyPair":{"pubKey":"BUUSzG2LowB5BguBd5sivtHpUEDtkakhFPQrT2ryGOcr","privKey":"MLwb0g8o2hUvZHJWoJRqejlLUz3PHH1LS39YQbSXPnQ="},"lastRemoteEphemeralKey":"BZndafr26w9k1cPPJxzkwje29pzS3f+U2nNx29VQtAMZ","previousCounter":0,"rootKey":"Rcx3U9QqPU5+WFcn4/oKzISt/uKx2CeA7CECrVJi4yI="},"indexInfo":{"baseKey":"BZJzYeFY5mMgCwQfX1pRj5KMii/BLs773CLgcy2mnS0d","baseKeyType":1,"closed":1732933614436,"used":1732933560517,"created":1732933560517,"remoteIdentityKey":"BUmVti9uZGbubB/wtFCVH7w2aOOyvwe94biJ40dtbylm"},"_chains":{"BUUSzG2LowB5BguBd5sivtHpUEDtkakhFPQrT2ryGOcr":{"chainKey":{"counter":23,"key":"ufNjdehfl9UWjBpytrMtqy0y0oQ3s4IZP08wbw2NgVA="},"chainType":1,"messageKeys":{}}},"pendingPreKey":{"signedKeyId":0,"baseKey":"BZJzYeFY5mMgCwQfX1pRj5KMii/BLs773CLgcy2mnS0d","preKeyId":13395180}},"BcZZngFJ1io4Tqi1+6HbbJxuRTiC0r8s31ykwdtOLlQP":{"registrationId":2118394170,"currentRatchet":{"ephemeralKeyPair":{"pubKey":"BW2jxupiUnf1rYsStO1ez9RMupjfmd/ossulCtDjA9xd","privKey":"IHOcB3qWibIQyaRk5+c1pAXWM30Sj10A3ty7uyj69VU="},"lastRemoteEphemeralKey":"BZvrpto03Az2mT7nWnwGOjmbSdOtV2ZcjN9V6+75lG1z","previousCounter":70,"rootKey":"yNgq6G+tJA3q1DIXKZH11bX0OTqDCieDVE+97h8c4fo="},"indexInfo":{"baseKey":"BcZZngFJ1io4Tqi1+6HbbJxuRTiC0r8s31ykwdtOLlQP","baseKeyType":2,"closed":-1,"used":1732933813587,"created":1732933614440,"remoteIdentityKey":"BUmVti9uZGbubB/wtFCVH7w2aOOyvwe94biJ40dtbylm"},"_chains":{"BeQ3KshnqDJLGcpd7EZWP7D4RQ0RyJySLggs/PKK6Goq":{"chainKey":{"counter":1},"chainType":2,"messageKeys":{"0":"HupsXemchywcQK4P8XD8qvomd7SpvuFYARM8BZkMKfs="}},"BZvrpto03Az2mT7nWnwGOjmbSdOtV2ZcjN9V6+75lG1z":{"chainKey":{"counter":1,"key":"lU6tsJWwuxiq45OWCMp0jzGnxjIPHfcN+bUhrNJ0Kjs="},"chainType":2,"messageKeys":{"0":"3MR/1HleEp4W47CIUCesR45YG7TA3Zunt7JJWrfd4sE="}},"BW2jxupiUnf1rYsStO1ez9RMupjfmd/ossulCtDjA9xd":{"chainKey":{"counter":491,"key":"0XQF60yxfFcrN/KjS1qMDh1atONmXVf+KhfA38JrLY8="},"chainType":1,"messageKeys":{}}}}},"version":"v1"}