{"_sessions":{"BSWqXw1scpxxSG/EOmvUWTpR4rGzykclWxHAfXoKRtdt":{"registrationId":793512632,"currentRatchet":{"ephemeralKeyPair":{"pubKey":"BWrXEw1lOLeYQuo01o7d5yMpzo5jw99qn3XGXSrhDr52","privKey":"cG2xnpqSoQLEW4fmdhE9HS8h1DMu2SOpCQyp/e6NU3o="},"lastRemoteEphemeralKey":"Bax+/j/R9sZ2N5OCyHsTRx3ktFLvBy3Tes8HvGMMDqMQ","previousCounter":379,"rootKey":"ucrd3BYd7JP40eYB/wqFxAtxMZgWhlMQpsa3KQ+GCoc="},"indexInfo":{"baseKey":"BSWqXw1scpxxSG/EOmvUWTpR4rGzykclWxHAfXoKRtdt","baseKeyType":2,"closed":-1,"used":1732934627241,"created":1732933989833,"remoteIdentityKey":"BRWQBFNA8ZYkC//JcTtd2gpbFoHoQxaV7rGdWjsYSVYM"},"_chains":{"BRFO1LkakvsFr4j5iRqLYUXYkdddFzA+0pnWOwcwvxkj":{"chainKey":{"counter":2},"chainType":2,"messageKeys":{"0":"MaFWBlKXBwBUFcW2gWyhfE5NoeJFZSm9wWlWycwi4wY="}},"Bax+/j/R9sZ2N5OCyHsTRx3ktFLvBy3Tes8HvGMMDqMQ":{"chainKey":{"counter":1,"key":"QNsqtRm6MJB9/nkZxDgCT4/yzQfPLh/VrFCLmYIEvrc="},"chainType":2,"messageKeys":{}},"BWrXEw1lOLeYQuo01o7d5yMpzo5jw99qn3XGXSrhDr52":{"chainKey":{"counter":-1,"key":"jE62kxZNwtNyttd3+FwErnrl5f19uG+RiDb1jRREL/M="},"chainType":1,"messageKeys":{}}}}},"version":"v1"}