{"_sessions":{"BXB17md7pGDUpxTdaxC3orU2c7iDrNiRNddPhuJqjUU0":{"registrationId":2065496351,"currentRatchet":{"ephemeralKeyPair":{"pubKey":"BaS6fEi9VmEkSu/NVlHpGibotZPF8Qrn9wmZUNkjjbIe","privKey":"MDCpJUaPG03EDksPtYGV2ykETAsj7wSQn8mqn1veaHM="},"lastRemoteEphemeralKey":"BbJD7rSLMR5Es+/6z5/Ta+YaNWEzZcnzSf8p4MC7XjtO","previousCounter":0,"rootKey":"r9g8oyPLZfWmPTjDziPpnRn25b2skVUmV+FsZxm4Ik8="},"indexInfo":{"baseKey":"BXB17md7pGDUpxTdaxC3orU2c7iDrNiRNddPhuJqjUU0","baseKeyType":1,"closed":-1,"used":1732929101838,"created":1732929101838,"remoteIdentityKey":"Bd6MDMPoXadOyD3qT5KdTmNmy0VpAOsul1oftOXpCll1"},"_chains":{"BaS6fEi9VmEkSu/NVlHpGibotZPF8Qrn9wmZUNkjjbIe":{"chainKey":{"counter":8,"key":"uST+sOEJ29uotWfqbFoIVzNJ4HeYDkK64SJBbP/obGI="},"chainType":1,"messageKeys":{}}},"pendingPreKey":{"signedKeyId":3,"baseKey":"BXB17md7pGDUpxTdaxC3orU2c7iDrNiRNddPhuJqjUU0","preKeyId":14930095}}},"version":"v1"}