{"_sessions":{"BT92+e6gs6syrylZwSjNuRERW//5BkBHY2+WvCxTmcUy":{"registrationId":1670031222,"currentRatchet":{"ephemeralKeyPair":{"pubKey":"BXueX1UoZ/m+XwQE9EcstkXL/a9cgQVrT447ftI6R0xn","privKey":"AIf5kxQ8NOUBTgEUk5X8PqR6BEhfcOxl+4Ze3KKCAmY="},"lastRemoteEphemeralKey":"BckGmJBvR+eyZeUDI87LOi31Ix9YulM7Du8A5FF5x78w","previousCounter":1,"rootKey":"e2bIfjbAmeYKZTf9aSHZGsodjXtrhZmfeAGwRgfNEo8="},"indexInfo":{"baseKey":"BT92+e6gs6syrylZwSjNuRERW//5BkBHY2+WvCxTmcUy","baseKeyType":1,"closed":-1,"used":1732929884932,"created":1732929820861,"remoteIdentityKey":"BWNrRoCE7+xZe9FxgpXCy1OdcnevnbCuxKxwfWqWgxBo"},"_chains":{"BaXhegaWCMDqT0uIBYadZhjB5HAjer1p7wAMQY1uYJlJ":{"chainKey":{"counter":0},"chainType":2,"messageKeys":{}},"BckGmJBvR+eyZeUDI87LOi31Ix9YulM7Du8A5FF5x78w":{"chainKey":{"counter":0,"key":"9dPlZ1+DzbFalOwfzXg9lsp+D8ATDA25TMgz9smEuPs="},"chainType":2,"messageKeys":{}},"BXueX1UoZ/m+XwQE9EcstkXL/a9cgQVrT447ftI6R0xn":{"chainKey":{"counter":309,"key":"/zZjEcSvPbT7S4YBwltv7b5XYT4BaSOEMzSR0dCTxso="},"chainType":1,"messageKeys":{}}}}},"version":"v1"}