{"_sessions":{"Bc4f3D8RjNQMv8vU6tf8EfvjWzXt7FSW0Qm0jZ4YbWkE":{"registrationId":32,"currentRatchet":{"ephemeralKeyPair":{"pubKey":"BWiXDrd+rex4kL2916kfajywwxRPvYz8ABC5y44vvSga","privKey":"8D9bv+pTmq3OI3TExTHFMBD8vGNkTBMTjpGJ/qBcCU4="},"lastRemoteEphemeralKey":"BTTIV9ZW14VuhkW8oCEXZriSCjjEB6XteSM3ncmzaHs8","previousCounter":0,"rootKey":"XF4mz0sPtrZrEks2CfEhtPDfGKTdeV5spfK+/DJuFx4="},"indexInfo":{"baseKey":"Bc4f3D8RjNQMv8vU6tf8EfvjWzXt7FSW0Qm0jZ4YbWkE","baseKeyType":1,"closed":-1,"used":1732929820844,"created":1732929820844,"remoteIdentityKey":"BcP1Rozk1WFcz6XQKXmD3Luj/zrFkZzRGlWZXDdO1UVU"},"_chains":{"BWiXDrd+rex4kL2916kfajywwxRPvYz8ABC5y44vvSga":{"chainKey":{"counter":12,"key":"IbyXkYhKQ/5vKkZ+WqWPzjIlGcvyQ3OSMUPA7TcJZWQ="},"chainType":1,"messageKeys":{}}},"pendingPreKey":{"signedKeyId":1,"baseKey":"Bc4f3D8RjNQMv8vU6tf8EfvjWzXt7FSW0Qm0jZ4YbWkE"}}},"version":"v1"}