{"_sessions":{"BainqsYaMYsZ+F5wfsLfR4uku4YcTeRLfBqNjQuglxVn":{"registrationId":32,"currentRatchet":{"ephemeralKeyPair":{"pubKey":"BSaziwjwEoyaPNmi9I+h//DJI+B0UP2ecoiILVgtPv0J","privKey":"gKqdO9rfNbUQavrHBxK43EJ7QKaYsuTXOhZ5Of6cm1I="},"lastRemoteEphemeralKey":"BcNlvLZ7amHacSXf0GR3mqA1pWYoRkHq8STetTfzrLdi","previousCounter":0,"rootKey":"xJC6SpmohHzKxOgUwUoxyTtt2SrkHvKT5CzgB9xTpvo="},"indexInfo":{"baseKey":"BainqsYaMYsZ+F5wfsLfR4uku4YcTeRLfBqNjQuglxVn","baseKeyType":1,"closed":1732929189731,"used":1732929080745,"created":1732929080745,"remoteIdentityKey":"Bc/tpAhoTfXbqnQuxCadBftF+awG7jTbahknaSDy4XJA"},"_chains":{"BSaziwjwEoyaPNmi9I+h//DJI+B0UP2ecoiILVgtPv0J":{"chainKey":{"counter":3,"key":"7zt24kZhLxXKVTcaYIki1XeQr0jy3P9ByT0KaJaYC+s="},"chainType":1,"messageKeys":{}}},"pendingPreKey":{"signedKeyId":1,"baseKey":"BainqsYaMYsZ+F5wfsLfR4uku4YcTeRLfBqNjQuglxVn"}},"BfzLrBOxUal7WRYLZQAYLrErqPbvIJ+Id0fl2RujyTtJ":{"registrationId":32,"currentRatchet":{"ephemeralKeyPair":{"pubKey":"BWQqJmle4dbjSF98wSl4B2fnYWM7P7LEIBBN1Vm9OVVa","privKey":"iCbudqOG8oLc47na7pciZKTom8TACKgCCBGc/zB9oXc="},"lastRemoteEphemeralKey":"BXab418+kBf02YFbhKXnboqKSahYbpgWCXvqpempiWZs","previousCounter":0,"rootKey":"tMi2fLauSfc4VfwXsnzgUz7gVR5L8JXc292lRoal4Qg="},"indexInfo":{"baseKey":"BfzLrBOxUal7WRYLZQAYLrErqPbvIJ+Id0fl2RujyTtJ","baseKeyType":2,"closed":-1,"used":1732929189744,"created":1732929189744,"remoteIdentityKey":"Bc/tpAhoTfXbqnQuxCadBftF+awG7jTbahknaSDy4XJA"},"_chains":{"BXab418+kBf02YFbhKXnboqKSahYbpgWCXvqpempiWZs":{"chainKey":{"counter":0,"key":"iTlQJqZWWM0/X+N1CFRU/8vweqQ3ZRRiOzdVarMrAsA="},"chainType":2,"messageKeys":{}},"BWQqJmle4dbjSF98wSl4B2fnYWM7P7LEIBBN1Vm9OVVa":{"chainKey":{"counter":10,"key":"DaVFx1h1Si4oH32qvsXtiLwg3DCMzQ23SE5XSdOKI+g="},"chainType":1,"messageKeys":{}}}}},"version":"v1"}