{"_sessions":{"Be7sW7ZpueH1JLEaOVNSd5xXwmFz5kGdAx5aaGfkSlJI":{"registrationId":1965276393,"currentRatchet":{"ephemeralKeyPair":{"pubKey":"BZwqLfGGVPYQ9nQhUYQ9mamT41BiG9uxV7w5T2Q5utAN","privKey":"qEeTeG8Qd8hLD7zq3Nnh3czPZeiyrBTOTq1sPWbZn10="},"lastRemoteEphemeralKey":"BUv3T4ABkjRdP/0dnTvNAfGj9EWrGr6Tuhy+/tuERYEP","previousCounter":0,"rootKey":"LpiKRLEkzCpacbmmZE9J7Zw9wUveSNinmoWExx9Pu3c="},"indexInfo":{"baseKey":"Be7sW7ZpueH1JLEaOVNSd5xXwmFz5kGdAx5aaGfkSlJI","baseKeyType":1,"closed":-1,"used":1732929081047,"created":1732929081047,"remoteIdentityKey":"BZ26M2iSvsYpuK1QrycZ7p0yIyBT3S7efhwon/+uE2E0"},"_chains":{"BZwqLfGGVPYQ9nQhUYQ9mamT41BiG9uxV7w5T2Q5utAN":{"chainKey":{"counter":14,"key":"4JcFKpNYfrikvy7ETNuG9ULycVrnFSeohz7MskcfB5Q="},"chainType":1,"messageKeys":{}}},"pendingPreKey":{"signedKeyId":0,"baseKey":"Be7sW7ZpueH1JLEaOVNSd5xXwmFz5kGdAx5aaGfkSlJI","preKeyId":11240960}}},"version":"v1"}