{"_sessions":{"BVenYaCLqUCS2btgyRfSmR0wWY7wIZNqWpcQOd6a9R51":{"registrationId":1458354815,"currentRatchet":{"ephemeralKeyPair":{"pubKey":"BbiqV1zcpOsOCD6RGKlzbq/3bq0DKBFBwud2y+0zIptz","privKey":"ODzR+S3ZqLxHk0XWEAqX/JVcil8Slb3OmHxJYKgTgGw="},"lastRemoteEphemeralKey":"BTbe8YXr1d8p5YWM+pCrO94OXNKcPfCssxUtlGn9kjJh","previousCounter":22,"rootKey":"SpmLEbvWtwomSbYcHv/i7/JQAXDU7HTdJmcCbgBPPB4="},"indexInfo":{"baseKey":"BVenYaCLqUCS2btgyRfSmR0wWY7wIZNqWpcQOd6a9R51","baseKeyType":1,"closed":-1,"used":1732934470940,"created":1732929081325,"remoteIdentityKey":"BT7gPwB1M2BxR+D2fkCICw07CkCgthOLnbgZBmfQQExU"},"_chains":{"BTbe8YXr1d8p5YWM+pCrO94OXNKcPfCssxUtlGn9kjJh":{"chainKey":{"counter":1,"key":"R5Y9hDApq6fRdwQ+MKLwEEvvXt22lbaWVp21YgFCeoM="},"chainType":2,"messageKeys":{}},"BbiqV1zcpOsOCD6RGKlzbq/3bq0DKBFBwud2y+0zIptz":{"chainKey":{"counter":-1,"key":"YDy2hrO/4+JuCtrzd1V2IbHcErVUyK7juCf70xVo1ak="},"chainType":1,"messageKeys":{}}}}},"version":"v1"}