{"_sessions":{"BQUQkRfRivOo9FFd40MOmeI/tHtL+6Yh2myFi6m03/41":{"registrationId":103,"currentRatchet":{"ephemeralKeyPair":{"pubKey":"BWR9Sf1/wqxuWfSFaa/2zJHnfqc1s+hTxqfpj3CltIN6","privKey":"oG1rlhDu67hcYtr/45IEbjjsPjkAXgkAByEgmsWslEI="},"lastRemoteEphemeralKey":"BQ2aJ7P5zAbjg8P+vxeHHLfsvlhWkUgS8xyNeUGubpcZ","previousCounter":0,"rootKey":"BxUOQ5+lwdKfF8qETloOMRRmrIAukY9RxSG76nYMnd8="},"indexInfo":{"baseKey":"BQUQkRfRivOo9FFd40MOmeI/tHtL+6Yh2myFi6m03/41","baseKeyType":2,"closed":1732933954147,"used":1732933952960,"created":1732933952960,"remoteIdentityKey":"BfEimHAzeCe+ER3XTOgW3u/TatD3GZ3TT4QqQ/IOGmBE"},"_chains":{"BQ2aJ7P5zAbjg8P+vxeHHLfsvlhWkUgS8xyNeUGubpcZ":{"chainKey":{"counter":0,"key":"MjEwfKQQ2mnQbOb/JA1mK8kCn2iqsH3/Fl2JNo705Qg="},"chainType":2,"messageKeys":{}},"BWR9Sf1/wqxuWfSFaa/2zJHnfqc1s+hTxqfpj3CltIN6":{"chainKey":{"counter":-1,"key":"8FfBk9NHNW/TdyrKCsXNkqSdaYlYvt1oCdKs62ebIes="},"chainType":1,"messageKeys":{}}}},"BW6UOAbODrAKadmJv2tEJCW5HQFX0JPrw3Y7cdiCMoAl":{"registrationId":103,"currentRatchet":{"ephemeralKeyPair":{"pubKey":"BUN4VJYkEImh8hWBhl9+1I8AOUo2tgbgxTLNhbZAB9lb","privKey":"cOJOTeUHYOIoIjB740g6PX9TeI8I6UPu3faUcA/L0Ek="},"lastRemoteEphemeralKey":"Bdt2q2W+tj1SmmVYB2yVFu+qnz0JtZELLBBWqpYV/zxA","previousCounter":0,"rootKey":"N14nF9kq4w9UbLH5mWbIRhQD28YgzCqxO1KNC/0hVhc="},"indexInfo":{"baseKey":"BW6UOAbODrAKadmJv2tEJCW5HQFX0JPrw3Y7cdiCMoAl","baseKeyType":1,"closed":-1,"used":1732933954146,"created":1732933954146,"remoteIdentityKey":"BfEimHAzeCe+ER3XTOgW3u/TatD3GZ3TT4QqQ/IOGmBE"},"_chains":{"BUN4VJYkEImh8hWBhl9+1I8AOUo2tgbgxTLNhbZAB9lb":{"chainKey":{"counter":0,"key":"lMZVKBUyyBmkKBdT1oamw9wtVY6qlLvWlXFzwXHtAqs="},"chainType":1,"messageKeys":{}}},"pendingPreKey":{"signedKeyId":1,"baseKey":"BW6UOAbODrAKadmJv2tEJCW5HQFX0JPrw3Y7cdiCMoAl"}}},"version":"v1"}