{"_sessions":{"BeRX0lOX1ekfgraPcbYEJqMMIpz1c1Qf76+rAuCnISV1":{"registrationId":236,"currentRatchet":{"ephemeralKeyPair":{"pubKey":"BacqfgYNba25XUfKgClEyhejlxWWVaTyitII1JA1l1gV","privKey":"QJP+eRMiNNZQHEMYk9dSozSLA4o8Zo0Apq1lTU3UkXQ="},"lastRemoteEphemeralKey":"BYlvUuAX6+8qVf/zqI2IiV3c3+pKI0MkgvgxnJtCBK5Q","previousCounter":14,"rootKey":"51W6HjS4fM/2Yp+sswtcrXOYCd6UcK6d8PR2aR9eYJQ="},"indexInfo":{"baseKey":"BeRX0lOX1ekfgraPcbYEJqMMIpz1c1Qf76+rAuCnISV1","baseKeyType":2,"closed":-1,"used":1732932624158,"created":1732929071031,"remoteIdentityKey":"BSw8WbiVbBUsC5XxYATTi9nYUsQdJtN1NjNrx6PyUs5j"},"_chains":{"BQ1srCjcCawYFNC1rAqx1xaFTrOjNMwi5ORmVc2KLytL":{"chainKey":{"counter":0},"chainType":2,"messageKeys":{}},"BYlvUuAX6+8qVf/zqI2IiV3c3+pKI0MkgvgxnJtCBK5Q":{"chainKey":{"counter":4,"key":"vig0XQpd90KcfGwMHt6zuP9x7w3IFlNkciMWqtoudnw="},"chainType":2,"messageKeys":{}},"BacqfgYNba25XUfKgClEyhejlxWWVaTyitII1JA1l1gV":{"chainKey":{"counter":-1,"key":"h1PEQZBMqTP11yFbQb4RWVbG1qK9HY9/s7br6DY91po="},"chainType":1,"messageKeys":{}}}}},"version":"v1"}