{"_sessions":{"BdcY490namZLP4OqPz0++Gd6fe1SJiTMXRtCsrL0dg0Y":{"registrationId":1267055042,"currentRatchet":{"ephemeralKeyPair":{"pubKey":"BYjxhTKvfnbmL9uaCnGV4A5aPbPs32P5dkk6/eIvTboH","privKey":"WItrriwJoKwXqY4gNegQN9B9vkxDsYtxxmgY3zWR600="},"lastRemoteEphemeralKey":"BcZ3qmhAEb8Do+wIm6ImyU0j4csKsCeOVp/DhSVRqKA5","previousCounter":24,"rootKey":"IK0szu45/j23ci0pMfuYScuSZOWrVUBPXs8QBYhvdNg="},"indexInfo":{"baseKey":"BdcY490namZLP4OqPz0++Gd6fe1SJiTMXRtCsrL0dg0Y","baseKeyType":1,"closed":-1,"used":1732931794933,"created":1732929081330,"remoteIdentityKey":"BWavgJqMNLE1I93kKCAio1WbjoRLBRUdvRbwQvu9HXwE"},"_chains":{"BQk4ihDlSk6OJ6uviokBmMCpznNmjx78UK0/m5mRj25y":{"chainKey":{"counter":2},"chainType":2,"messageKeys":{}},"BadyEbTEEMZ4hKGwY3V7sAbevUYXO3hD9zl3n9syoVlB":{"chainKey":{"counter":0},"chainType":2,"messageKeys":{}},"BYC/Wy4Q2ng83RDoXQePehZSo7q9LEzy23zRtSUQDCEH":{"chainKey":{"counter":0},"chainType":2,"messageKeys":{}},"BcZ3qmhAEb8Do+wIm6ImyU0j4csKsCeOVp/DhSVRqKA5":{"chainKey":{"counter":1,"key":"eGQEvZmbY5he6eLOdsUwuMuD/nyXZpKHkW0dbvFbtmU="},"chainType":2,"messageKeys":{}},"BYjxhTKvfnbmL9uaCnGV4A5aPbPs32P5dkk6/eIvTboH":{"chainKey":{"counter":167,"key":"l6e+lNsnTcYY4PGOF38FW8tqN9BWuS3+H1fgZfIi0pU="},"chainType":1,"messageKeys":{}}}}},"version":"v1"}