{"_sessions":{"BTyd/g5N9Aa3KdNmRcrL7LyMvPEM27MIYK48/IkgLQRP":{"registrationId":1897595618,"currentRatchet":{"ephemeralKeyPair":{"pubKey":"BZFz5JasJsgmlaqIholuqFUlO59LTbO9pkMo2EHXeOxb","privKey":"uDZwl8kg7tHMVPemKmwirwYjcaLJvrNPI+WSaHwFYk0="},"lastRemoteEphemeralKey":"BX0u0/LdVShw4r5RkyreocnrW6NwPMntfbs5bkbihoMR","previousCounter":-1,"rootKey":"XSy8+pdGzIFLDr54o62UB5zDf4NWkiO/GJgvpvj1qJA="},"indexInfo":{"baseKey":"BTyd/g5N9Aa3KdNmRcrL7LyMvPEM27MIYK48/IkgLQRP","baseKeyType":1,"closed":1732929118546,"used":1732929117134,"created":1732929117134,"remoteIdentityKey":"BY8zGdn0YMV/QK7oCbefb1D/WSF3YbMbOCBX2cDNdr4n"},"_chains":{"BX0u0/LdVShw4r5RkyreocnrW6NwPMntfbs5bkbihoMR":{"chainKey":{"counter":3,"key":"bQwL8bMo2k/w7gMnH2rZ5dQYHmKSpOv4N9YF9SIE5oM="},"chainType":2,"messageKeys":{"0":"EQI4jsYGOYh1yXXJ062KcAg8/HZfSuCfVomF6O4gSNk=","1":"y4n3e8NZusTxTF91vKC6ztecbTMCA/Di4PybdsMDOag=","2":"uwizdk0XfhT9QFtteA5mrn0ud244gSCKxV/Dsi2QcL4="}},"BZFz5JasJsgmlaqIholuqFUlO59LTbO9pkMo2EHXeOxb":{"chainKey":{"counter":-1,"key":"1vvPQ7RkGF/ATvgBnQLGfNdx7Y432MW9QAIIvzOSFww="},"chainType":1,"messageKeys":{}}},"pendingPreKey":{"signedKeyId":1,"baseKey":"BTyd/g5N9Aa3KdNmRcrL7LyMvPEM27MIYK48/IkgLQRP","preKeyId":16672501}},"BWJue5g6ocxBY6097OG05Rtcq55V1quE1EJFDfgZwqdb":{"registrationId":1897595618,"currentRatchet":{"ephemeralKeyPair":{"pubKey":"BdLuXARrX3rQegJV499Tp88F/CRZFFcfkpM1lATuVCl1","privKey":"EBAuVAStbofNsLn/wZbd3y7lgvcm2sQqQsn8dLeonGw="},"lastRemoteEphemeralKey":"BX0u0/LdVShw4r5RkyreocnrW6NwPMntfbs5bkbihoMR","previousCounter":-1,"rootKey":"TMak4yLikh1QvR+HoYfpsHzfZD0TZT0Ru8+EglLuxew="},"indexInfo":{"baseKey":"BWJue5g6ocxBY6097OG05Rtcq55V1quE1EJFDfgZwqdb","baseKeyType":1,"closed":1732929120151,"used":1732929118537,"created":1732929118537,"remoteIdentityKey":"BY8zGdn0YMV/QK7oCbefb1D/WSF3YbMbOCBX2cDNdr4n"},"_chains":{"BX0u0/LdVShw4r5RkyreocnrW6NwPMntfbs5bkbihoMR":{"chainKey":{"counter":3,"key":"uGn2pvK6w5NuvvQMYzjZjpGpJC3Qn2yL8lZBUZlHEwM="},"chainType":2,"messageKeys":{"0":"0DfD6UHhLA6yWBe+juZc4+y5KbLRqiJ7zEWswWhTses=","1":"n3aZ+ieUuIuIssYSxMmgRZNmj24AxxQpVVLZ1U1B/BU=","2":"2IaV2WiA6N41928MtwqOCcqb8VZyjEdqyoam1PJzxRg="}},"BdLuXARrX3rQegJV499Tp88F/CRZFFcfkpM1lATuVCl1":{"chainKey":{"counter":-1,"key":"nkwr9mN/wg2r/OS5fRLwzCN41LDKDPEBT5j1QFz5JcE="},"chainType":1,"messageKeys":{}}},"pendingPreKey":{"signedKeyId":1,"baseKey":"BWJue5g6ocxBY6097OG05Rtcq55V1quE1EJFDfgZwqdb","preKeyId":16672641}},"BTpF5cCBp8blip4qNo9xQykp65v8ybNt+EkqCr3G06tM":{"registrationId":1897595618,"currentRatchet":{"ephemeralKeyPair":{"pubKey":"BbQ1m8JJ+LacCa3bk2Np7VUg/IzXQtR2iO+U/BdmrCEb","privKey":"GEBCfPqiwBultX6tmzC+EL+Lr+ZGtgXE2lhS3YQrFko="},"lastRemoteEphemeralKey":"BX0u0/LdVShw4r5RkyreocnrW6NwPMntfbs5bkbihoMR","previousCounter":-1,"rootKey":"jJFaWAwp8bO73Scqvuopas6+dKw5muRxRwcRAvfShLY="},"indexInfo":{"baseKey":"BTpF5cCBp8blip4qNo9xQykp65v8ybNt+EkqCr3G06tM","baseKeyType":1,"closed":1732929121617,"used":1732929120139,"created":1732929120139,"remoteIdentityKey":"BY8zGdn0YMV/QK7oCbefb1D/WSF3YbMbOCBX2cDNdr4n"},"_chains":{"BX0u0/LdVShw4r5RkyreocnrW6NwPMntfbs5bkbihoMR":{"chainKey":{"counter":3,"key":"N49f/0DQTHknPleODwhplj7dwCUS9SYtlHSmdGMzJW4="},"chainType":2,"messageKeys":{"0":"QTko/Ji68n0NbC7q4rCV6wjYWEJ/ngw95unFTKf1EFs=","1":"JsXdViyuofjh1iEFZ74uNnQoD0sT52tL23VYrLCsiLs=","2":"q/hOiMNcHxBvy2bg58wCnWyuC/47a9g1Ma31TtzeW8A="}},"BbQ1m8JJ+LacCa3bk2Np7VUg/IzXQtR2iO+U/BdmrCEb":{"chainKey":{"counter":-1,"key":"ZpzQHx9QDfF4to0R6TZwYCTa2bqiJnQA536XbmE6v4w="},"chainType":1,"messageKeys":{}}},"pendingPreKey":{"signedKeyId":1,"baseKey":"BTpF5cCBp8blip4qNo9xQykp65v8ybNt+EkqCr3G06tM","preKeyId":16671918}},"BWuYbXeEfGzdIjcIGI/Rc0Hf132OvE4j6EiDUVVn7TkE":{"registrationId":1897595618,"currentRatchet":{"ephemeralKeyPair":{"pubKey":"BVH9NVegsQ6QgoQP2MBQa0+ee/5VKF/5JWTCbbyKhnU8","privKey":"sNEFZa7DZ1c6rtjBLP26uZEug/LUYlJ3Rjt+ZDE7014="},"lastRemoteEphemeralKey":"BX0u0/LdVShw4r5RkyreocnrW6NwPMntfbs5bkbihoMR","previousCounter":-1,"rootKey":"zHuCiw31GHVNlcGmN0lCIJuMfJVKf9qVoCpYSBRqb+U="},"indexInfo":{"baseKey":"BWuYbXeEfGzdIjcIGI/Rc0Hf132OvE4j6EiDUVVn7TkE","baseKeyType":1,"closed":1732929131314,"used":1732929121614,"created":1732929121614,"remoteIdentityKey":"BY8zGdn0YMV/QK7oCbefb1D/WSF3YbMbOCBX2cDNdr4n"},"_chains":{"BX0u0/LdVShw4r5RkyreocnrW6NwPMntfbs5bkbihoMR":{"chainKey":{"counter":3,"key":"XKp37IhEyQH2LdRdxGK1xSqETbWqlKPh3aYln9ubFxY="},"chainType":2,"messageKeys":{"0":"VF9LWgsjydjBFkx1/35gYl2qp9L8XAUEEXkwfWl/R2s=","1":"z1fSc2RM5YnjmGjUGAdSvmuKG1xHs+eyQ/GCnBhDigQ=","2":"pqdTtQE7siv0TihxFqPoWbcvui40nw2dY/Akug477G4="}},"BVH9NVegsQ6QgoQP2MBQa0+ee/5VKF/5JWTCbbyKhnU8":{"chainKey":{"counter":-1,"key":"yN/DogQoJ6Sq71IX1mMUAqLKUvUJgNd+MagluO5NORc="},"chainType":1,"messageKeys":{}}},"pendingPreKey":{"signedKeyId":1,"baseKey":"BWuYbXeEfGzdIjcIGI/Rc0Hf132OvE4j6EiDUVVn7TkE","preKeyId":16671965}},"BddDIOZdD7lC0bodJOjSaWI0mFpTx4q/Eyd6kV2J8yNQ":{"registrationId":1897595618,"currentRatchet":{"ephemeralKeyPair":{"pubKey":"BWd1INbfYLUsgm9mLkDfNCvCv2bUsJsjTacRq7p4jaYZ","privKey":"oIjN/d0PvGfsdr2ghzaJTjFfo6Y9xSkXpKKQE7Ncgmk="},"lastRemoteEphemeralKey":"BX0u0/LdVShw4r5RkyreocnrW6NwPMntfbs5bkbihoMR","previousCounter":-1,"rootKey":"R87XyZdhI2n5hQqazAWsvtmPaK8Pr6FzEYSTrD9gykA="},"indexInfo":{"baseKey":"BddDIOZdD7lC0bodJOjSaWI0mFpTx4q/Eyd6kV2J8yNQ","baseKeyType":1,"closed":1732929131950,"used":1732929131246,"created":1732929131246,"remoteIdentityKey":"BY8zGdn0YMV/QK7oCbefb1D/WSF3YbMbOCBX2cDNdr4n"},"_chains":{"BX0u0/LdVShw4r5RkyreocnrW6NwPMntfbs5bkbihoMR":{"chainKey":{"counter":4,"key":"7fGpe5gLY3SLK9ik0yAYC6RsJPBTJNkEHAzbsRUcAiI="},"chainType":2,"messageKeys":{"0":"fKyBeN94Nd+Pk4ZUtKWjo/SOboFylCUl4BZSan/ba+8=","1":"w3t1dIuYKgGH53GcIOigILsN/hZAUFnxXT36tHyHbD8=","2":"Kt0nLNPu13lDCbIqCzX3Hes6Ni8NYcMZ9vwTpYheeWo=","3":"exILIrbU/boHtpEr/q7Ab06tV7K8/I0+AGzIJG68+O0="}},"BWd1INbfYLUsgm9mLkDfNCvCv2bUsJsjTacRq7p4jaYZ":{"chainKey":{"counter":-1,"key":"aoliK3UqjJMLzBUFBWwyXMMUXk36HRTudqP7DXzbrSs="},"chainType":1,"messageKeys":{}}},"pendingPreKey":{"signedKeyId":1,"baseKey":"BddDIOZdD7lC0bodJOjSaWI0mFpTx4q/Eyd6kV2J8yNQ","preKeyId":16672019}},"BUVBxjm9dE3msktGgx1O3N6WvQa1nR1r6co9fojRKlZ6":{"registrationId":1897595618,"currentRatchet":{"ephemeralKeyPair":{"pubKey":"BXwV4Jk+axZ4zEA/2f89LTsNLZyG03IY6YbQUDSGVdtN","privKey":"eKs5e0z6nKgBbePHWatJVeo5kA4J7sOj4Cia5NdbBmY="},"lastRemoteEphemeralKey":"BYa0yGgzBix0Kml8/4/igKF6P0OsN+z1+9xv6d5uoaAk","previousCounter":0,"rootKey":"AWGwtO6+YRnLQAGg9Xxz3AiRdzkn6o/3Lnudoj0ZT68="},"indexInfo":{"baseKey":"BUVBxjm9dE3msktGgx1O3N6WvQa1nR1r6co9fojRKlZ6","baseKeyType":1,"closed":1732929141249,"used":1732929322937,"created":1732929131937,"remoteIdentityKey":"BY8zGdn0YMV/QK7oCbefb1D/WSF3YbMbOCBX2cDNdr4n"},"_chains":{"BYa0yGgzBix0Kml8/4/igKF6P0OsN+z1+9xv6d5uoaAk":{"chainKey":{"counter":4,"key":"VuPm9LM/B6We0U+gO0a9ooNxG99hnNRAfQFQG0fjNx0="},"chainType":2,"messageKeys":{"1":"FMOvBEuD9xm6qndRHv7uRCssTTTnXalNPvt+oSBFtcI="}},"BXwV4Jk+axZ4zEA/2f89LTsNLZyG03IY6YbQUDSGVdtN":{"chainKey":{"counter":-1,"key":"Wuq9icy5+tvhH7RJE5Sch77ejjSKWq+MkIIFZZuKwPg="},"chainType":1,"messageKeys":{}}}},"BbxzCnTy0mTQ+mTiHHi7i0Zhpva85Z4sNFWO12mLTVNk":{"registrationId":1897595618,"currentRatchet":{"ephemeralKeyPair":{"pubKey":"Bbxf1TdE/yZ8NtfZardhmqtAq0CFWeI1iRgCpuQ9thZU","privKey":"WLLNBv8XlkIMdqmBzg3FFQ54s1gePr/3r/1bv0JvVnE="},"lastRemoteEphemeralKey":"BYa0yGgzBix0Kml8/4/igKF6P0OsN+z1+9xv6d5uoaAk","previousCounter":-1,"rootKey":"piocfQoUQZCg87tAWRET7bbmbwwNru78Bj/KJIB9jbI="},"indexInfo":{"baseKey":"BbxzCnTy0mTQ+mTiHHi7i0Zhpva85Z4sNFWO12mLTVNk","baseKeyType":1,"closed":1732929190648,"used":1732929140836,"created":1732929140836,"remoteIdentityKey":"BY8zGdn0YMV/QK7oCbefb1D/WSF3YbMbOCBX2cDNdr4n"},"_chains":{"BYa0yGgzBix0Kml8/4/igKF6P0OsN+z1+9xv6d5uoaAk":{"chainKey":{"counter":0,"key":"5QRWF6Rjthg5l5gzGbItDlWfkJhrRgEChk692A1WDMk="},"chainType":2,"messageKeys":{}},"Bbxf1TdE/yZ8NtfZardhmqtAq0CFWeI1iRgCpuQ9thZU":{"chainKey":{"counter":0,"key":"ino9Q1ZpdRUDoH8IZJ3NTlcRNy/8xxBbXjgIp+079uw="},"chainType":1,"messageKeys":{}}},"pendingPreKey":{"signedKeyId":1,"baseKey":"BbxzCnTy0mTQ+mTiHHi7i0Zhpva85Z4sNFWO12mLTVNk","preKeyId":16672579}},"BYrFfhiHPO39OoWu2xoX5EXlvrHAW5v9sQchHKy6bgR2":{"registrationId":1897595618,"currentRatchet":{"ephemeralKeyPair":{"pubKey":"BZQak3noDkS/ZZ7pJ3M+4dvdtjsuLnhUdLnXtczORL1O","privKey":"8KJbzXm7X3/yyRJfFY63YehcajjsSD2tYCIxFdayik4="},"lastRemoteEphemeralKey":"BYa0yGgzBix0Kml8/4/igKF6P0OsN+z1+9xv6d5uoaAk","previousCounter":-1,"rootKey":"5WgLrn6Xq9Zh0BnBRRh8kpXAYdDPC1SznkaRtGmCejU="},"indexInfo":{"baseKey":"BYrFfhiHPO39OoWu2xoX5EXlvrHAW5v9sQchHKy6bgR2","baseKeyType":1,"closed":1732929198825,"used":1732929190441,"created":1732929190441,"remoteIdentityKey":"BY8zGdn0YMV/QK7oCbefb1D/WSF3YbMbOCBX2cDNdr4n"},"_chains":{"BYa0yGgzBix0Kml8/4/igKF6P0OsN+z1+9xv6d5uoaAk":{"chainKey":{"counter":2,"key":"bnJFvGiutcvqcUr299y9yd8UGFRpotwzsloDwh2xQjA="},"chainType":2,"messageKeys":{"0":"uLiMUSctHbzRdHGyTN0wWLDv+IrVycRkJpyvun/eq7E=","1":"cGZ16ey/h/qa19yP8akrEAR5YXXpgxynL7FsvcQppKI="}},"BZQak3noDkS/ZZ7pJ3M+4dvdtjsuLnhUdLnXtczORL1O":{"chainKey":{"counter":-1,"key":"1z/xs5Sxm8gH8wLTZ0EX6hDcm6XfwPA/BtCu2Ed+g9w="},"chainType":1,"messageKeys":{}}},"pendingPreKey":{"signedKeyId":1,"baseKey":"BYrFfhiHPO39OoWu2xoX5EXlvrHAW5v9sQchHKy6bgR2","preKeyId":16672568}},"BS3JQVUt3Ma06bLF/4IQxdhbfI1j/swalvnH3ugp70QA":{"registrationId":1897595618,"currentRatchet":{"ephemeralKeyPair":{"pubKey":"BX8r25+2CmVBR7wbtFuGEMiGx9npzkCqbcob8Fw1oYEW","privKey":"aMid16VZQ2YrrQv4oX0/FEtgQ7NyNWxNyp/3mFmJAGc="},"lastRemoteEphemeralKey":"BYa0yGgzBix0Kml8/4/igKF6P0OsN+z1+9xv6d5uoaAk","previousCounter":-1,"rootKey":"ZgqNEAvNi7l8OyaIq3RXO8FsaiQ9NUGcxh5tQaLMFcU="},"indexInfo":{"baseKey":"BS3JQVUt3Ma06bLF/4IQxdhbfI1j/swalvnH3ugp70QA","baseKeyType":1,"closed":1732929249526,"used":1732929198158,"created":1732929198158,"remoteIdentityKey":"BY8zGdn0YMV/QK7oCbefb1D/WSF3YbMbOCBX2cDNdr4n"},"_chains":{"BYa0yGgzBix0Kml8/4/igKF6P0OsN+z1+9xv6d5uoaAk":{"chainKey":{"counter":2,"key":"ppBMHzsPU/LVeUF+D1ZWd/nhXobEOKj+OZBy7lfjSws="},"chainType":2,"messageKeys":{"0":"r0V4HnEEAHQPM7209EyYlgAH0dOLZmiiMqostncWR48=","1":"+A3VDweYz8d8cw4iv+Zeu4rXlLZudy63Oub54wNX6g0="}},"BX8r25+2CmVBR7wbtFuGEMiGx9npzkCqbcob8Fw1oYEW":{"chainKey":{"counter":8,"key":"Pz/HTRFk5FD2Nle0D/u21nb2eZvul2om24BUKprPkxA="},"chainType":1,"messageKeys":{}}},"pendingPreKey":{"signedKeyId":1,"baseKey":"BS3JQVUt3Ma06bLF/4IQxdhbfI1j/swalvnH3ugp70QA","preKeyId":16672530}},"BT2VcQ6D1+E/eQnygGzf9nTrx/kcytPWPtridmDxDiIU":{"registrationId":1897595618,"currentRatchet":{"ephemeralKeyPair":{"pubKey":"BcW9z/d/0pm2Of+jAPhVkFGgm31pA5pcYYb92XjwzY4C","privKey":"QFnPGkXM3A1NIcLfk++35sEW2RqAtX11dKOvq9noSlk="},"lastRemoteEphemeralKey":"BYa0yGgzBix0Kml8/4/igKF6P0OsN+z1+9xv6d5uoaAk","previousCounter":-1,"rootKey":"jjmUxlzlNKiEzkQvrjP9xD/t2cx8VA5qW+L7jauDLG0="},"indexInfo":{"baseKey":"BT2VcQ6D1+E/eQnygGzf9nTrx/kcytPWPtridmDxDiIU","baseKeyType":1,"closed":1732929249835,"used":1732929249517,"created":1732929249517,"remoteIdentityKey":"BY8zGdn0YMV/QK7oCbefb1D/WSF3YbMbOCBX2cDNdr4n"},"_chains":{"BYa0yGgzBix0Kml8/4/igKF6P0OsN+z1+9xv6d5uoaAk":{"chainKey":{"counter":3,"key":"9DioHG7Y2JDd9FkQG7X1HQRoCvY+syO2TeID8dxfEY0="},"chainType":2,"messageKeys":{"0":"v1zuGklfHZ4oaxk/ZGoDY6gVS3IAAMbnZhte1fDXXys=","1":"OWr7qIvBSsjJ//H8Il0AQQEFwxmqzKLtk7gIDT6Ents=","2":"LAIgnmVtuKin3vEKbv47jFvMs6MSHuePxELySN6L6wg="}},"BcW9z/d/0pm2Of+jAPhVkFGgm31pA5pcYYb92XjwzY4C":{"chainKey":{"counter":-1,"key":"Wxq1bjQ+4qS7aG0Qb3llUsaf6RsrzDI8ntilS7kDEmI="},"chainType":1,"messageKeys":{}}},"pendingPreKey":{"signedKeyId":1,"baseKey":"BT2VcQ6D1+E/eQnygGzf9nTrx/kcytPWPtridmDxDiIU","preKeyId":16671962}},"BYRqMDlUE47553S0/45v8XpZpaJrRp8FoysKF+Iduj5O":{"registrationId":1897595618,"currentRatchet":{"ephemeralKeyPair":{"pubKey":"BYtNfUEYhYEoYt6eXilm8YNRezOI7uIyJ6o+3nxeDjpb","privKey":"QFp0tftCs2AMpHKlrefcIHDpA28czhhWUBMo6B8a32g="},"lastRemoteEphemeralKey":"BYa0yGgzBix0Kml8/4/igKF6P0OsN+z1+9xv6d5uoaAk","previousCounter":-1,"rootKey":"8qZmr2jyaOzAyAHeZompTrMTWKWiLu8XHzXLSIm+d/8="},"indexInfo":{"baseKey":"BYRqMDlUE47553S0/45v8XpZpaJrRp8FoysKF+Iduj5O","baseKeyType":1,"closed":1732929250138,"used":1732929249833,"created":1732929249833,"remoteIdentityKey":"BY8zGdn0YMV/QK7oCbefb1D/WSF3YbMbOCBX2cDNdr4n"},"_chains":{"BYa0yGgzBix0Kml8/4/igKF6P0OsN+z1+9xv6d5uoaAk":{"chainKey":{"counter":3,"key":"a4epz/dLKzkhtn3sp5MQugkKf9y+0C9SarRfwYXF2Wo="},"chainType":2,"messageKeys":{"0":"uR+KcsPF7hdiUJwaUq6E5Pw7WFkkQSzPTt8gCZ6DRow=","1":"pCVXHQOiFywlG8wLgJ5DB4GMcIXlzHwmxkcKLcMptJI=","2":"/8WCYOj5t5hbv+bmvxBrplfNY7CApIWSaxDs64e1j9Y="}},"BYtNfUEYhYEoYt6eXilm8YNRezOI7uIyJ6o+3nxeDjpb":{"chainKey":{"counter":-1,"key":"PHY2wxMD9ZgSatoVZ0+LyBFGoAUxcMgYjo5lH/MpR9c="},"chainType":1,"messageKeys":{}}},"pendingPreKey":{"signedKeyId":1,"baseKey":"BYRqMDlUE47553S0/45v8XpZpaJrRp8FoysKF+Iduj5O","preKeyId":16672573}},"BeKdymznpCCWyKyEGeksjbdwecrp13IIE15ordusZKMK":{"registrationId":1897595618,"currentRatchet":{"ephemeralKeyPair":{"pubKey":"BS7b6qif3uTrBcd6AVmk/bSyFpaL9kQ15FnlR3CCPJsI","privKey":"aPXMMI+/m0Let0hqxmkW2oMyTC32k3gG4xsr0qphI3o="},"lastRemoteEphemeralKey":"BYa0yGgzBix0Kml8/4/igKF6P0OsN+z1+9xv6d5uoaAk","previousCounter":-1,"rootKey":"OCBYw8dZAnQtl4dnWRGcUePRk40Pnn9HXt//Ie05ltM="},"indexInfo":{"baseKey":"BeKdymznpCCWyKyEGeksjbdwecrp13IIE15ordusZKMK","baseKeyType":1,"closed":1732929250648,"used":1732929250135,"created":1732929250135,"remoteIdentityKey":"BY8zGdn0YMV/QK7oCbefb1D/WSF3YbMbOCBX2cDNdr4n"},"_chains":{"BYa0yGgzBix0Kml8/4/igKF6P0OsN+z1+9xv6d5uoaAk":{"chainKey":{"counter":3,"key":"iNX6nezNqAAnlsopP3q8M5R+ze67ozbhRSM01A/wUh4="},"chainType":2,"messageKeys":{"0":"TOd4mMh+PBIquMro1YQAwriGWQdenVg7bKNl9wDxS3A=","1":"c/lcoBVOzwlasd6eZSJN20huKHFVLz+6ON2xrc3fjfM=","2":"BemN1ss0L36cHJaVrMU9zvcHRapArmT54d+iqoV41B0="}},"BS7b6qif3uTrBcd6AVmk/bSyFpaL9kQ15FnlR3CCPJsI":{"chainKey":{"counter":-1,"key":"tCyGTXBvL3qD4t403VOfSag/2LWsn3A61RbCQsFAOAQ="},"chainType":1,"messageKeys":{}}},"pendingPreKey":{"signedKeyId":1,"baseKey":"BeKdymznpCCWyKyEGeksjbdwecrp13IIE15ordusZKMK","preKeyId":16672667}},"BSxSSvdPu0WBlc8Zkqjnh4n2ahKaQuY2wsAzqSlo/GcZ":{"registrationId":1897595618,"currentRatchet":{"ephemeralKeyPair":{"pubKey":"BQDsdeSDTXnVNvzuYgWtbQ/VOWiHSmZXm+gLIkQQoswg","privKey":"CETGr5xXv/1oXuVsLZaRquJFxUayz7eYPUPKTqgHgk4="},"lastRemoteEphemeralKey":"BYa0yGgzBix0Kml8/4/igKF6P0OsN+z1+9xv6d5uoaAk","previousCounter":-1,"rootKey":"XuyOCLrhnFcNNHIf2y6fEJCFjUTlgtFSALrHUqpeitg="},"indexInfo":{"baseKey":"BSxSSvdPu0WBlc8Zkqjnh4n2ahKaQuY2wsAzqSlo/GcZ","baseKeyType":1,"closed":1732929251332,"used":1732929250443,"created":1732929250443,"remoteIdentityKey":"BY8zGdn0YMV/QK7oCbefb1D/WSF3YbMbOCBX2cDNdr4n"},"_chains":{"BYa0yGgzBix0Kml8/4/igKF6P0OsN+z1+9xv6d5uoaAk":{"chainKey":{"counter":3,"key":"LzOiTZIl9q0oKtcYgfxQEfQdE6BbGWjXcQAnqTwSXwc="},"chainType":2,"messageKeys":{"0":"rYflCx+gtpHl8CsYGAdVwGlFV7MsMd8bKrSz74neku4=","1":"Imv7A5JNYeis3rfw/6sMaAOIalE/NaD0PURB8RhL6vI=","2":"hrXY9F/M0cvRKVcuUWCd3wjceAQxBEN8ixr1bkktDP0="}},"BQDsdeSDTXnVNvzuYgWtbQ/VOWiHSmZXm+gLIkQQoswg":{"chainKey":{"counter":-1,"key":"QNcVLZySqIu9RZEp+x8HQou8/D94E7YSMFUzdpE33cs="},"chainType":1,"messageKeys":{}}},"pendingPreKey":{"signedKeyId":1,"baseKey":"BSxSSvdPu0WBlc8Zkqjnh4n2ahKaQuY2wsAzqSlo/GcZ","preKeyId":16671979}},"BZbZdd3MyYIMWvcX7AgyvpdJP3m6fDPp2+G+Vtf2xI9J":{"registrationId":1897595618,"currentRatchet":{"ephemeralKeyPair":{"pubKey":"BZnfl2/ZyQPgNE+D6myzGZkCVXJbxtImTXXZPaHp0uQM","privKey":"gLDVeVf1pVlTLJpYot6/c7EL38q5f6y7sDDWc1XJz2A="},"lastRemoteEphemeralKey":"BYa0yGgzBix0Kml8/4/igKF6P0OsN+z1+9xv6d5uoaAk","previousCounter":-1,"rootKey":"Bx4A4mqgR/nm3moR5lNFTJZ2/Y40rTYIh5eTKcvQKXk="},"indexInfo":{"baseKey":"BZbZdd3MyYIMWvcX7AgyvpdJP3m6fDPp2+G+Vtf2xI9J","baseKeyType":1,"closed":1732929251826,"used":1732929251151,"created":1732929251151,"remoteIdentityKey":"BY8zGdn0YMV/QK7oCbefb1D/WSF3YbMbOCBX2cDNdr4n"},"_chains":{"BYa0yGgzBix0Kml8/4/igKF6P0OsN+z1+9xv6d5uoaAk":{"chainKey":{"counter":3,"key":"eyweNwwA0/aXlzdvuvzhzccrKd7IHyFp8OIPhiPCPE8="},"chainType":2,"messageKeys":{"0":"f+178J4bGoKwl304UbGS5hGD1ipYijX6U9lHggqhwZA=","1":"YhK3V/Z5qAJCEqqmP4tTXwdfBdLO+/G2bOo5mh057LE=","2":"5oZA5PqQT03Rjv8uIP5RGa9MX9lFILFHUeKGdRHHwps="}},"BZnfl2/ZyQPgNE+D6myzGZkCVXJbxtImTXXZPaHp0uQM":{"chainKey":{"counter":-1,"key":"S+Fnm7Aw7l4dm3CfFjA4ru5WXdZgnF9eVLCnQ1Kfe7Q="},"chainType":1,"messageKeys":{}}},"pendingPreKey":{"signedKeyId":1,"baseKey":"BZbZdd3MyYIMWvcX7AgyvpdJP3m6fDPp2+G+Vtf2xI9J","preKeyId":16671895}},"Bc5yailSZy6eHer6ZJVP6mO1l4/74rbiBUsuljDlB6QI":{"registrationId":1897595618,"currentRatchet":{"ephemeralKeyPair":{"pubKey":"Bb6m0Odzx+jSG2FGgEZKfBdUwtdxxk8AeGWWBB8CltFk","privKey":"iGrK+HYmBNuU1V7xCb+YkZwVBi10Dd40eX2GmtxE12s="},"lastRemoteEphemeralKey":"BYa0yGgzBix0Kml8/4/igKF6P0OsN+z1+9xv6d5uoaAk","previousCounter":-1,"rootKey":"dTPIhVMOVaHMKNjAFTHfSCq3Dmd4fmEXkyDtYq1eFwQ="},"indexInfo":{"baseKey":"Bc5yailSZy6eHer6ZJVP6mO1l4/74rbiBUsuljDlB6QI","baseKeyType":1,"closed":1732929252328,"used":1732929251819,"created":1732929251819,"remoteIdentityKey":"BY8zGdn0YMV/QK7oCbefb1D/WSF3YbMbOCBX2cDNdr4n"},"_chains":{"BYa0yGgzBix0Kml8/4/igKF6P0OsN+z1+9xv6d5uoaAk":{"chainKey":{"counter":3,"key":"PJOBgoBcuhCk001kWu8mKRarGjefM2Zr58VgJTlv1Gc="},"chainType":2,"messageKeys":{"0":"RL+WYhFPeb9qqOGRyNh4F2RN5l2u1skINHXBUfSEpaA=","1":"eiIcAEknkp5Wb6h8/xo8Ew4ttwS4TD3ex9FjGONpQtQ=","2":"0SKxpY9SQ0s1FhxBY0cxD9Sl9CSrvbaQHjtpfDLXMSw="}},"Bb6m0Odzx+jSG2FGgEZKfBdUwtdxxk8AeGWWBB8CltFk":{"chainKey":{"counter":-1,"key":"T11QtRN/RaTbK4JFINFnwn1Axm/STPHpynEaq5hGZPs="},"chainType":1,"messageKeys":{}}},"pendingPreKey":{"signedKeyId":1,"baseKey":"Bc5yailSZy6eHer6ZJVP6mO1l4/74rbiBUsuljDlB6QI","preKeyId":16672490}},"Bap5LMre/8SYv96xJWCKLa4m2vyw+Es54tkSkfTKi+li":{"registrationId":1897595618,"currentRatchet":{"ephemeralKeyPair":{"pubKey":"Bdh6y2yUWVQjY7jJDlu3xhJ0xIXNkMX/HgchiAWyDqAz","privKey":"KNdgH2BKXUMJ38npp9P2A73jm9+ZplE1ssOdLNmnCUo="},"lastRemoteEphemeralKey":"BYa0yGgzBix0Kml8/4/igKF6P0OsN+z1+9xv6d5uoaAk","previousCounter":-1,"rootKey":"JbK1fF5CRhNKV3H1/TmyM8w01p0eGepgG3BMOTyBId4="},"indexInfo":{"baseKey":"Bap5LMre/8SYv96xJWCKLa4m2vyw+Es54tkSkfTKi+li","baseKeyType":1,"closed":1732929306541,"used":1732929252321,"created":1732929252321,"remoteIdentityKey":"BY8zGdn0YMV/QK7oCbefb1D/WSF3YbMbOCBX2cDNdr4n"},"_chains":{"BYa0yGgzBix0Kml8/4/igKF6P0OsN+z1+9xv6d5uoaAk":{"chainKey":{"counter":3,"key":"WU1t5k/8N2cUC1Ud4zkYu/kiKIv1wY77rmxl7T69r28="},"chainType":2,"messageKeys":{"0":"PcSJYrZOjAITjfiYjKZeBr1Sfdur9mP+ryenPzWeJYY=","1":"i/ukwbGDAuVatAa2rf8+Ca10+i+jy5ZUEazmOm0ABIM=","2":"rFTe6JjAEH3H38AUdUPPNEG0vdwBV8kFH9RJSOPUBjo="}},"Bdh6y2yUWVQjY7jJDlu3xhJ0xIXNkMX/HgchiAWyDqAz":{"chainKey":{"counter":1,"key":"Hg0pMLVLc4e+rePWtjLgGQ7eAPlVJZPMZLheqUVySj8="},"chainType":1,"messageKeys":{}}},"pendingPreKey":{"signedKeyId":1,"baseKey":"Bap5LMre/8SYv96xJWCKLa4m2vyw+Es54tkSkfTKi+li","preKeyId":16671854}},"Bda9XKEOPC+EpM0d4wa9a2Si9+fdOIp9SS6fki1B0Cge":{"registrationId":1897595618,"currentRatchet":{"ephemeralKeyPair":{"pubKey":"BWYs42BmUI9nx+cqLZi19jbcccYRSyGruRlH/qEKu8FU","privKey":"4C51CGEnjyG99u1QhwjlsyK/JdLbcmA6qldUOCNMm28="},"lastRemoteEphemeralKey":"BYa0yGgzBix0Kml8/4/igKF6P0OsN+z1+9xv6d5uoaAk","previousCounter":-1,"rootKey":"Met5Hzktzao/28UFKBUdGSAJogJ4f+z4eSlFKTd8keQ="},"indexInfo":{"baseKey":"Bda9XKEOPC+EpM0d4wa9a2Si9+fdOIp9SS6fki1B0Cge","baseKeyType":1,"closed":1732929330416,"used":1732929306538,"created":1732929306538,"remoteIdentityKey":"BY8zGdn0YMV/QK7oCbefb1D/WSF3YbMbOCBX2cDNdr4n"},"_chains":{"BYa0yGgzBix0Kml8/4/igKF6P0OsN+z1+9xv6d5uoaAk":{"chainKey":{"counter":4,"key":"OYjrJRgCyX7MSnXW5eMtepA3GHLi5WQFW504ao3INIs="},"chainType":2,"messageKeys":{"0":"tZ2mzTlyB/hv9+LRc67f8WqWfd7hOfZy6UuND6ToPZY=","1":"EuKivWZWKeZrDnwbAlPfjroZBIjcMrVcodeUiTGhzk4=","2":"jKF+Iy3LiGq97h9SDLKVYl9eELTARXxV1qqgkIIsxSg=","3":"o2G8Uz8z83PThMcQnvt0prwMPL312qNbv4f/1XYi2hc="}},"BWYs42BmUI9nx+cqLZi19jbcccYRSyGruRlH/qEKu8FU":{"chainKey":{"counter":6,"key":"2oUWdAtEBsnxqlXfHb19kFgQjjNk6yljd5hMuXNkP3k="},"chainType":1,"messageKeys":{}}},"pendingPreKey":{"signedKeyId":1,"baseKey":"Bda9XKEOPC+EpM0d4wa9a2Si9+fdOIp9SS6fki1B0Cge","preKeyId":16672574}},"BcfOvtN6hvvfLleTbAqhkXCk7uipbaxRg0wro2xwyHB2":{"registrationId":1897595618,"currentRatchet":{"ephemeralKeyPair":{"pubKey":"BUDHxjtL86zQ+oFBfQd5caBJ8uI1bV1Q1MUNnfMsVWtt","privKey":"aPaFO64pe9E5u1AfstkiaGvZwFUMjgM2YKnqP9AFA2o="},"lastRemoteEphemeralKey":"BXH+96fG0E2bvI6N4pCEF6Bqs72oVvqQfKQJef1r3Cdg","previousCounter":0,"rootKey":"Rzx5T8eB3q1thwnnOFW4QuKCBDr/dJ/eChveRlfDfvs="},"indexInfo":{"baseKey":"BcfOvtN6hvvfLleTbAqhkXCk7uipbaxRg0wro2xwyHB2","baseKeyType":1,"closed":1732929335332,"used":1732929330353,"created":1732929330353,"remoteIdentityKey":"BY8zGdn0YMV/QK7oCbefb1D/WSF3YbMbOCBX2cDNdr4n"},"_chains":{"BUDHxjtL86zQ+oFBfQd5caBJ8uI1bV1Q1MUNnfMsVWtt":{"chainKey":{"counter":1,"key":"VJJNF0+k9EjS+YadvdRTSqp5uu/OEbQByRV238RI0pE="},"chainType":1,"messageKeys":{}}},"pendingPreKey":{"signedKeyId":1,"baseKey":"BcfOvtN6hvvfLleTbAqhkXCk7uipbaxRg0wro2xwyHB2","preKeyId":16672020}},"BQ8lRQJlgYYTQ8qbvk4KJ/qYQZcG60QPiXwdqGp14WJv":{"registrationId":1897595618,"currentRatchet":{"ephemeralKeyPair":{"pubKey":"BZwo97jptEQ3ccxYOR55mQD3Gkvv5GUq/i5+M98mcUFJ","privKey":"gKWkCuU8FXqcWxurnLvZQLHmtFFC5dUfM5Rbzin89Ew="},"lastRemoteEphemeralKey":"BXH+96fG0E2bvI6N4pCEF6Bqs72oVvqQfKQJef1r3Cdg","previousCounter":0,"rootKey":"SAoqO5XXLpsvvcSX782cKgA8HcPWbn5rnJKbcYYRvxY="},"indexInfo":{"baseKey":"BQ8lRQJlgYYTQ8qbvk4KJ/qYQZcG60QPiXwdqGp14WJv","baseKeyType":1,"closed":1732929336144,"used":1732929335164,"created":1732929335164,"remoteIdentityKey":"BY8zGdn0YMV/QK7oCbefb1D/WSF3YbMbOCBX2cDNdr4n"},"_chains":{"BZwo97jptEQ3ccxYOR55mQD3Gkvv5GUq/i5+M98mcUFJ":{"chainKey":{"counter":-1,"key":"a7fsYvnVVMc1aXr2u8gWzRehvq50Z0tRBMF8C0NW2ng="},"chainType":1,"messageKeys":{}}},"pendingPreKey":{"signedKeyId":1,"baseKey":"BQ8lRQJlgYYTQ8qbvk4KJ/qYQZcG60QPiXwdqGp14WJv","preKeyId":16672542}},"BczcEWLdcDtIC3n0s21qi+DVuNMRZnnfL3WO4FqRei0E":{"registrationId":1897595618,"currentRatchet":{"ephemeralKeyPair":{"pubKey":"BUBAR50xGatdubRVy192B/AfPRS4rou6OA+7ugE0Pt1o","privKey":"6Nj5NiUjScnNkx4XZ6PvPy2BBh+XDCou0k/Di5zgsn4="},"lastRemoteEphemeralKey":"BXH+96fG0E2bvI6N4pCEF6Bqs72oVvqQfKQJef1r3Cdg","previousCounter":0,"rootKey":"AkON6kEpJHsujDbk/ZJ9wIuo9O29boEsI6gMZ31NjJI="},"indexInfo":{"baseKey":"BczcEWLdcDtIC3n0s21qi+DVuNMRZnnfL3WO4FqRei0E","baseKeyType":1,"closed":1732929336852,"used":1732929336132,"created":1732929336132,"remoteIdentityKey":"BY8zGdn0YMV/QK7oCbefb1D/WSF3YbMbOCBX2cDNdr4n"},"_chains":{"BUBAR50xGatdubRVy192B/AfPRS4rou6OA+7ugE0Pt1o":{"chainKey":{"counter":-1,"key":"JB6sWWWHloJ9Md3s+wMGlIsIKL8pxqFYXCyJ+uVa16E="},"chainType":1,"messageKeys":{}}},"pendingPreKey":{"signedKeyId":1,"baseKey":"BczcEWLdcDtIC3n0s21qi+DVuNMRZnnfL3WO4FqRei0E","preKeyId":16671920}},"BYHYp+9JKSmpoq6BzbVaPV17hK5U1nQOV5IzHSbC2YRu":{"registrationId":1897595618,"currentRatchet":{"ephemeralKeyPair":{"pubKey":"BVIVE12SNMhokDnHnYPy9QKE9kIvF0kfLxd0NL6Ydh1y","privKey":"QNuxxQzOEbfTI59IM9v7Fd2zjakoC1IJIJhwdi2yVUs="},"lastRemoteEphemeralKey":"BXH+96fG0E2bvI6N4pCEF6Bqs72oVvqQfKQJef1r3Cdg","previousCounter":0,"rootKey":"fYw1SaU3fujzloMXnFXTPzLqrL3tStL/k8e2ZndxS7g="},"indexInfo":{"baseKey":"BYHYp+9JKSmpoq6BzbVaPV17hK5U1nQOV5IzHSbC2YRu","baseKeyType":1,"closed":1732929337836,"used":1732929336847,"created":1732929336847,"remoteIdentityKey":"BY8zGdn0YMV/QK7oCbefb1D/WSF3YbMbOCBX2cDNdr4n"},"_chains":{"BVIVE12SNMhokDnHnYPy9QKE9kIvF0kfLxd0NL6Ydh1y":{"chainKey":{"counter":-1,"key":"oQsXDPWBV2uMJvRkSyjFhd0rXxAhz/AX0AVJHm5gsGM="},"chainType":1,"messageKeys":{}}},"pendingPreKey":{"signedKeyId":1,"baseKey":"BYHYp+9JKSmpoq6BzbVaPV17hK5U1nQOV5IzHSbC2YRu","preKeyId":16672473}},"BQZy6bEp3tR0x2XspRwNagXu+ja5yvNkz5nMQYI6mVIe":{"registrationId":1897595618,"currentRatchet":{"ephemeralKeyPair":{"pubKey":"BVD9exVzly7ClLXxELdIzNDFXYh6y0lu0WhcYo59MJpQ","privKey":"EMdV2dDVWLiTI3zpYIVa8h324x+pJC0eVcee/46LgGc="},"lastRemoteEphemeralKey":"BcCKEDmWQfcVMm2xGaQ+h2U3t7ufzS9Kjd/yCYeqi1Av","previousCounter":0,"rootKey":"+ZFgmmAQddn8F+/vWgn/L4o5lnyh4SqKtcRiUdBBWd4="},"indexInfo":{"baseKey":"BQZy6bEp3tR0x2XspRwNagXu+ja5yvNkz5nMQYI6mVIe","baseKeyType":1,"closed":1732929364445,"used":1732929551720,"created":1732929337659,"remoteIdentityKey":"BY8zGdn0YMV/QK7oCbefb1D/WSF3YbMbOCBX2cDNdr4n"},"_chains":{"BcCKEDmWQfcVMm2xGaQ+h2U3t7ufzS9Kjd/yCYeqi1Av":{"chainKey":{"counter":1,"key":"j0keuP6o2XYxK/dCMr3zJ80lZj/Agjwl3+hTHDUlMbw="},"chainType":2,"messageKeys":{}},"BVD9exVzly7ClLXxELdIzNDFXYh6y0lu0WhcYo59MJpQ":{"chainKey":{"counter":-1,"key":"paQ8djp6AKF6/oiL/gIAs90f7my+/NZioAtpq59tvaw="},"chainType":1,"messageKeys":{}}}},"Bf7v60TAD9ZQ2v233+6fu30MN3dHzvFVy7c/pwaaCzQw":{"registrationId":1897595618,"currentRatchet":{"ephemeralKeyPair":{"pubKey":"BVZcUo8/9HD18SiSMd56G8VBM2gqDKLp0N0DF6eXYREY","privKey":"ENEjGvL9T+JCyAr0swQIpK6mVpo0wp+iySnVygPU30A="},"lastRemoteEphemeralKey":"BcCKEDmWQfcVMm2xGaQ+h2U3t7ufzS9Kjd/yCYeqi1Av","previousCounter":-1,"rootKey":"hE3qhP4fB3tRn+tSySvUxzqmO/rvRZ4+AIDUUPL0wis="},"indexInfo":{"baseKey":"Bf7v60TAD9ZQ2v233+6fu30MN3dHzvFVy7c/pwaaCzQw","baseKeyType":1,"closed":1732929367347,"used":1732929364351,"created":1732929364351,"remoteIdentityKey":"BY8zGdn0YMV/QK7oCbefb1D/WSF3YbMbOCBX2cDNdr4n"},"_chains":{"BcCKEDmWQfcVMm2xGaQ+h2U3t7ufzS9Kjd/yCYeqi1Av":{"chainKey":{"counter":0,"key":"L+HA+c0opw/ow6oNTJMykcFmcIN6jinFWpASYoOmVqU="},"chainType":2,"messageKeys":{}},"BVZcUo8/9HD18SiSMd56G8VBM2gqDKLp0N0DF6eXYREY":{"chainKey":{"counter":-1,"key":"XOtjZTB+IWKbX230xAruAjFIy2iizFEx2vcaqjVcRbM="},"chainType":1,"messageKeys":{}}},"pendingPreKey":{"signedKeyId":1,"baseKey":"Bf7v60TAD9ZQ2v233+6fu30MN3dHzvFVy7c/pwaaCzQw","preKeyId":16672001}},"BQnkIwje6HOWGWWhZ5cl7mdtrb/srS5iKHatJ468OjZv":{"registrationId":1897595618,"currentRatchet":{"ephemeralKeyPair":{"pubKey":"BZnz5QMZ2ik0qZWiv5BxmUjSRLbTMnazYkPhmOig7a5k","privKey":"KCG/MB1W8E1ODUGJg9eienH2qi16YhhD9nMdWZFWLWc="},"lastRemoteEphemeralKey":"BcCKEDmWQfcVMm2xGaQ+h2U3t7ufzS9Kjd/yCYeqi1Av","previousCounter":-1,"rootKey":"sJ+qSEWpcfy+EhsPF8PYgV+3w/Qf/3H4ori+lE0BizQ="},"indexInfo":{"baseKey":"BQnkIwje6HOWGWWhZ5cl7mdtrb/srS5iKHatJ468OjZv","baseKeyType":1,"closed":1732929370257,"used":1732929367332,"created":1732929367332,"remoteIdentityKey":"BY8zGdn0YMV/QK7oCbefb1D/WSF3YbMbOCBX2cDNdr4n"},"_chains":{"BcCKEDmWQfcVMm2xGaQ+h2U3t7ufzS9Kjd/yCYeqi1Av":{"chainKey":{"counter":0,"key":"9wKivWhfj4kQpltqwIpP/LPF4nqfgndQAkD3CCTMOPA="},"chainType":2,"messageKeys":{}},"BZnz5QMZ2ik0qZWiv5BxmUjSRLbTMnazYkPhmOig7a5k":{"chainKey":{"counter":-1,"key":"RKx5BbRcBydsY556iLsDsXtpP2ABrKMK9zsabpuavtY="},"chainType":1,"messageKeys":{}}},"pendingPreKey":{"signedKeyId":1,"baseKey":"BQnkIwje6HOWGWWhZ5cl7mdtrb/srS5iKHatJ468OjZv","preKeyId":16672037}},"BY7uRMNAHGjLwDF/cTf2HnBgrxfKCEiisf15MtujFoZ1":{"registrationId":1897595618,"currentRatchet":{"ephemeralKeyPair":{"pubKey":"BQtAz8QXWUA1sUGDzmRlaJrIvWdfDReuw7gSgeOhp1Ao","privKey":"qJYMu3CbnNmff58TI44bduAOcMixHwGLF0CIZe5MBl4="},"lastRemoteEphemeralKey":"BcCKEDmWQfcVMm2xGaQ+h2U3t7ufzS9Kjd/yCYeqi1Av","previousCounter":-1,"rootKey":"LSwTaahLOF0SZZn8i0nU3O1fG7vYAitQeGdTjE3hI/8="},"indexInfo":{"baseKey":"BY7uRMNAHGjLwDF/cTf2HnBgrxfKCEiisf15MtujFoZ1","baseKeyType":1,"closed":1732929371240,"used":1732929370244,"created":1732929370244,"remoteIdentityKey":"BY8zGdn0YMV/QK7oCbefb1D/WSF3YbMbOCBX2cDNdr4n"},"_chains":{"BcCKEDmWQfcVMm2xGaQ+h2U3t7ufzS9Kjd/yCYeqi1Av":{"chainKey":{"counter":0,"key":"qji08R2mTNSmGU0wu1pzXTbgaCcVrZvfixn4v0Ezxng="},"chainType":2,"messageKeys":{}},"BQtAz8QXWUA1sUGDzmRlaJrIvWdfDReuw7gSgeOhp1Ao":{"chainKey":{"counter":-1,"key":"+V7jcT11xTMRD2EYwnHVlPTbbaWt0ikXXNpgXgCV2E4="},"chainType":1,"messageKeys":{}}},"pendingPreKey":{"signedKeyId":1,"baseKey":"BY7uRMNAHGjLwDF/cTf2HnBgrxfKCEiisf15MtujFoZ1","preKeyId":16671927}},"BYG5KRFL+gAFyySErY6tmZtu5rNljeD7HPDoa+AKHpIM":{"registrationId":1897595618,"currentRatchet":{"ephemeralKeyPair":{"pubKey":"BfaEP9bjRfK4HFVUyYpuwJMwyCCr2J6CsIHEbSm638Yj","privKey":"wJPn/92rm6dxkL3QHGFDHxZFpIQyGGzpHEU7rb9F7G8="},"lastRemoteEphemeralKey":"BcCKEDmWQfcVMm2xGaQ+h2U3t7ufzS9Kjd/yCYeqi1Av","previousCounter":-1,"rootKey":"nrbqIjAM/GU5NLH8pIOx9KwT2EiQGRDe8hqLm0B8ACY="},"indexInfo":{"baseKey":"BYG5KRFL+gAFyySErY6tmZtu5rNljeD7HPDoa+AKHpIM","baseKeyType":1,"closed":1732929371937,"used":1732929371223,"created":1732929371223,"remoteIdentityKey":"BY8zGdn0YMV/QK7oCbefb1D/WSF3YbMbOCBX2cDNdr4n"},"_chains":{"BcCKEDmWQfcVMm2xGaQ+h2U3t7ufzS9Kjd/yCYeqi1Av":{"chainKey":{"counter":0,"key":"bvu0JxNNjUPtm9RgoDxUK5QnhOgGCC+/o7gnnHITI/I="},"chainType":2,"messageKeys":{}},"BfaEP9bjRfK4HFVUyYpuwJMwyCCr2J6CsIHEbSm638Yj":{"chainKey":{"counter":-1,"key":"BS5/swa6mNVEFQ1/rFZ3nhENC2WWVyOJ6QtvHnBIOU4="},"chainType":1,"messageKeys":{}}},"pendingPreKey":{"signedKeyId":1,"baseKey":"BYG5KRFL+gAFyySErY6tmZtu5rNljeD7HPDoa+AKHpIM","preKeyId":16672487}},"BaMe0VGXsndSem7AjXpvTl4hx4SBIl06i9qJlWJ1eN8F":{"registrationId":1897595618,"currentRatchet":{"ephemeralKeyPair":{"pubKey":"BY1gJ326WlF+B2TmxAlU4ktD2e5wYwuaOtOmLFhCAJsK","privKey":"GMnPTIDiz9Me2u9n3TdC7lfJ2+6aLUc4eGN3sys9kHY="},"lastRemoteEphemeralKey":"BcCKEDmWQfcVMm2xGaQ+h2U3t7ufzS9Kjd/yCYeqi1Av","previousCounter":-1,"rootKey":"VIVbbUZTYDQr8FdpTlst7jYssShAyqSxwAUzAY8uCb4="},"indexInfo":{"baseKey":"BaMe0VGXsndSem7AjXpvTl4hx4SBIl06i9qJlWJ1eN8F","baseKeyType":1,"closed":1732929372661,"used":1732929371933,"created":1732929371933,"remoteIdentityKey":"BY8zGdn0YMV/QK7oCbefb1D/WSF3YbMbOCBX2cDNdr4n"},"_chains":{"BcCKEDmWQfcVMm2xGaQ+h2U3t7ufzS9Kjd/yCYeqi1Av":{"chainKey":{"counter":0,"key":"h8nraxX9yJC9LKoKvbMpxrLw9/AmZOskFDuMa6hyJnk="},"chainType":2,"messageKeys":{}},"BY1gJ326WlF+B2TmxAlU4ktD2e5wYwuaOtOmLFhCAJsK":{"chainKey":{"counter":-1,"key":"DzVms3ObN8YXggI4pfhyjKlVvhgYINDeUX5kml0Kc6E="},"chainType":1,"messageKeys":{}}},"pendingPreKey":{"signedKeyId":1,"baseKey":"BaMe0VGXsndSem7AjXpvTl4hx4SBIl06i9qJlWJ1eN8F","preKeyId":16671964}},"Bexf7W8B5VZ1tgmczAYuh8l8TEnCO7WlP44bOR4NIE1c":{"registrationId":1897595618,"currentRatchet":{"ephemeralKeyPair":{"pubKey":"BaI5G+k3a7LOfKIfbEy9jeMxTs5V0tAa9iEJy2RXTJll","privKey":"MA7VkZ/3GwH04tdAGKypzau6R+goPb+5z1pfXp+7Ym8="},"lastRemoteEphemeralKey":"BcCKEDmWQfcVMm2xGaQ+h2U3t7ufzS9Kjd/yCYeqi1Av","previousCounter":-1,"rootKey":"ACJIhFgUsp5scPc20unSWVlZjHKMJBTZUK19Rc7+7ck="},"indexInfo":{"baseKey":"Bexf7W8B5VZ1tgmczAYuh8l8TEnCO7WlP44bOR4NIE1c","baseKeyType":1,"closed":1732929373336,"used":1732929372618,"created":1732929372618,"remoteIdentityKey":"BY8zGdn0YMV/QK7oCbefb1D/WSF3YbMbOCBX2cDNdr4n"},"_chains":{"BcCKEDmWQfcVMm2xGaQ+h2U3t7ufzS9Kjd/yCYeqi1Av":{"chainKey":{"counter":0,"key":"i3SIAFLttG3LFSLjm9aNiaPDxQf0/zvwPxyJi3zyvps="},"chainType":2,"messageKeys":{}},"BaI5G+k3a7LOfKIfbEy9jeMxTs5V0tAa9iEJy2RXTJll":{"chainKey":{"counter":-1,"key":"0ZVf/YxU0QCehhcyXcW+AgTdO5mv+GDIZsu1vtbPxuQ="},"chainType":1,"messageKeys":{}}},"pendingPreKey":{"signedKeyId":1,"baseKey":"Bexf7W8B5VZ1tgmczAYuh8l8TEnCO7WlP44bOR4NIE1c","preKeyId":16672594}},"Bcjw08UskCRT5JZ3+BxOcdo2L+AjVUwI7hvjeFKYAwl6":{"registrationId":1897595618,"currentRatchet":{"ephemeralKeyPair":{"pubKey":"BbiXHpmmTeIZ5/igk6xWATqI6YSNlyI9Cxnbbw6ZZloC","privKey":"MD6DRJZi6vmSF3SEU6xbvWm8TRPXafzPCU2AOuDhiXw="},"lastRemoteEphemeralKey":"BcCKEDmWQfcVMm2xGaQ+h2U3t7ufzS9Kjd/yCYeqi1Av","previousCounter":-1,"rootKey":"+lF6uzYMPilTdmm8JeUZh2fyt57MuIJ+I1anH7BRCxk="},"indexInfo":{"baseKey":"Bcjw08UskCRT5JZ3+BxOcdo2L+AjVUwI7hvjeFKYAwl6","baseKeyType":1,"closed":1732929374055,"used":1732929373333,"created":1732929373333,"remoteIdentityKey":"BY8zGdn0YMV/QK7oCbefb1D/WSF3YbMbOCBX2cDNdr4n"},"_chains":{"BcCKEDmWQfcVMm2xGaQ+h2U3t7ufzS9Kjd/yCYeqi1Av":{"chainKey":{"counter":0,"key":"ctj3kkhmPblx1ArNbakiDCDrFl5DMX548Xp7VHvDoU8="},"chainType":2,"messageKeys":{}},"BbiXHpmmTeIZ5/igk6xWATqI6YSNlyI9Cxnbbw6ZZloC":{"chainKey":{"counter":-1,"key":"6rKPitVmzsGt7MVbnosQI+N5fVllV1xRkA2jsRZNS0E="},"chainType":1,"messageKeys":{}}},"pendingPreKey":{"signedKeyId":1,"baseKey":"Bcjw08UskCRT5JZ3+BxOcdo2L+AjVUwI7hvjeFKYAwl6","preKeyId":16672005}},"BYKq22RkcicU8Qi023XQnvlWN8mwzbvo6fRudNlZPMsH":{"registrationId":1897595618,"currentRatchet":{"ephemeralKeyPair":{"pubKey":"BTUzSb49gXwfW5fcHa43cvIJyepxcHLXRXEKGHdlfMVx","privKey":"ABhIkA36mQyAL4/pg56/54j8JQLZGRahc3cv8jhZ2XE="},"lastRemoteEphemeralKey":"BcCKEDmWQfcVMm2xGaQ+h2U3t7ufzS9Kjd/yCYeqi1Av","previousCounter":-1,"rootKey":"f72/aIRBkmiDJsnr4VB8pIPZN3DA29E6Ge+7WcxEVRA="},"indexInfo":{"baseKey":"BYKq22RkcicU8Qi023XQnvlWN8mwzbvo6fRudNlZPMsH","baseKeyType":1,"closed":1732929388338,"used":1732929374042,"created":1732929374042,"remoteIdentityKey":"BY8zGdn0YMV/QK7oCbefb1D/WSF3YbMbOCBX2cDNdr4n"},"_chains":{"BcCKEDmWQfcVMm2xGaQ+h2U3t7ufzS9Kjd/yCYeqi1Av":{"chainKey":{"counter":0,"key":"cVgdb5BOSwK/I3i2S5wbRqg8u52ppmywfuvz+lfqKWk="},"chainType":2,"messageKeys":{}},"BTUzSb49gXwfW5fcHa43cvIJyepxcHLXRXEKGHdlfMVx":{"chainKey":{"counter":-1,"key":"oPF1JmRLV94Vy0aUr6vt14sDhN55+Uvymyj36lqkOFg="},"chainType":1,"messageKeys":{}}},"pendingPreKey":{"signedKeyId":1,"baseKey":"BYKq22RkcicU8Qi023XQnvlWN8mwzbvo6fRudNlZPMsH","preKeyId":16672664}},"BZx37ip+EOlINrM7L6CvZkhDwJux0BfZGFn36ScYZiwr":{"registrationId":1897595618,"currentRatchet":{"ephemeralKeyPair":{"pubKey":"BTp18FBSU+mFwGCJpJNfaisbuMON2Zvuwqpy/RnEPiNu","privKey":"8FZKvfZ1RT81ut0cAx2DPXUohYsOcr8EdmETrtbMpWU="},"lastRemoteEphemeralKey":"BcCKEDmWQfcVMm2xGaQ+h2U3t7ufzS9Kjd/yCYeqi1Av","previousCounter":-1,"rootKey":"SyWNh/hGbd8/H0he7RRz7wdPk66nOvboMyBgFw0L79k="},"indexInfo":{"baseKey":"BZx37ip+EOlINrM7L6CvZkhDwJux0BfZGFn36ScYZiwr","baseKeyType":1,"closed":1732929438630,"used":1732929388330,"created":1732929388330,"remoteIdentityKey":"BY8zGdn0YMV/QK7oCbefb1D/WSF3YbMbOCBX2cDNdr4n"},"_chains":{"BcCKEDmWQfcVMm2xGaQ+h2U3t7ufzS9Kjd/yCYeqi1Av":{"chainKey":{"counter":0,"key":"6MI0AsIo906EOAYcM+i0EHU4Sef2MNKqHcam/Zy+zu8="},"chainType":2,"messageKeys":{}},"BTp18FBSU+mFwGCJpJNfaisbuMON2Zvuwqpy/RnEPiNu":{"chainKey":{"counter":-1,"key":"AfQvnnGqcfH3E1oH0MD/ciD+sHsP08u7MbVTDdP4A3U="},"chainType":1,"messageKeys":{}}},"pendingPreKey":{"signedKeyId":1,"baseKey":"BZx37ip+EOlINrM7L6CvZkhDwJux0BfZGFn36ScYZiwr","preKeyId":16671969}},"BR4peEJxemmtiNVuovnHwLMv9wc5cgHkxzc640gHsdRQ":{"registrationId":1897595618,"currentRatchet":{"ephemeralKeyPair":{"pubKey":"BZizEQ7DOhWaCPLCq1TsyokVfLX1/uf2Z/M7jEXZ2tc5","privKey":"EFa3iyZjPBJEpZXYI16c46I6IgHMpnYvawVWbLztG2Q="},"lastRemoteEphemeralKey":"BcCKEDmWQfcVMm2xGaQ+h2U3t7ufzS9Kjd/yCYeqi1Av","previousCounter":-1,"rootKey":"8JBXD887ouvH2AmWiVVqdovGFO0T0MYr+dLyks9U31w="},"indexInfo":{"baseKey":"BR4peEJxemmtiNVuovnHwLMv9wc5cgHkxzc640gHsdRQ","baseKeyType":1,"closed":1732929449640,"used":1732929438341,"created":1732929438341,"remoteIdentityKey":"BY8zGdn0YMV/QK7oCbefb1D/WSF3YbMbOCBX2cDNdr4n"},"_chains":{"BcCKEDmWQfcVMm2xGaQ+h2U3t7ufzS9Kjd/yCYeqi1Av":{"chainKey":{"counter":0,"key":"/7WI/wDWcr9KFzLfcm0cP8kEveBXWwQLplCZbZS1n6Q="},"chainType":2,"messageKeys":{}},"BZizEQ7DOhWaCPLCq1TsyokVfLX1/uf2Z/M7jEXZ2tc5":{"chainKey":{"counter":-1,"key":"36wA3mJ9DVAhUhe933Xd3IoapW9FSWgO3hHm7iHsrg4="},"chainType":1,"messageKeys":{}}},"pendingPreKey":{"signedKeyId":1,"baseKey":"BR4peEJxemmtiNVuovnHwLMv9wc5cgHkxzc640gHsdRQ","preKeyId":16672547}},"BbPv6i6zC1brI+xeSqDHl1gX8P3C0SpZa0YB2f0u+fBG":{"registrationId":1897595618,"currentRatchet":{"ephemeralKeyPair":{"pubKey":"BfxtlUVzda4uOvlfi7mKcH3V5l/jY3CfrZOURWUWUTF8","privKey":"iE0ymmZqaely1NqKtsVVUc5yF+pr+Bt2FNx9b4c52nk="},"lastRemoteEphemeralKey":"BcCKEDmWQfcVMm2xGaQ+h2U3t7ufzS9Kjd/yCYeqi1Av","previousCounter":-1,"rootKey":"tLbCEmfny3DcTjQldfL8kDhmiQZ4XOOUMFzkLXcIsgU="},"indexInfo":{"baseKey":"BbPv6i6zC1brI+xeSqDHl1gX8P3C0SpZa0YB2f0u+fBG","baseKeyType":1,"closed":1732929458845,"used":1732929448216,"created":1732929448216,"remoteIdentityKey":"BY8zGdn0YMV/QK7oCbefb1D/WSF3YbMbOCBX2cDNdr4n"},"_chains":{"BcCKEDmWQfcVMm2xGaQ+h2U3t7ufzS9Kjd/yCYeqi1Av":{"chainKey":{"counter":0,"key":"dFvJN+5ef0fVvpf9oUHKbEGawS5gkHJlyiI51vKEOH4="},"chainType":2,"messageKeys":{}},"BfxtlUVzda4uOvlfi7mKcH3V5l/jY3CfrZOURWUWUTF8":{"chainKey":{"counter":-1,"key":"gh5nOIEYXyvOBdkzDmMWDmP74LhODsvKcrOIwJaVfyQ="},"chainType":1,"messageKeys":{}}},"pendingPreKey":{"signedKeyId":1,"baseKey":"BbPv6i6zC1brI+xeSqDHl1gX8P3C0SpZa0YB2f0u+fBG","preKeyId":16672013}},"BTHBSGcJDriIbuLK/ltt4nelIJeqvYQSW+PMFD4e2uxR":{"registrationId":1897595618,"currentRatchet":{"ephemeralKeyPair":{"pubKey":"BXhRTd339u2urcJIPS55v1N1Cbb0pai273EkCKqANT8l","privKey":"2P0WMRd8utygGvq1fly0rj6vmTX+fII97P4MOAf8Qms="},"lastRemoteEphemeralKey":"BcCKEDmWQfcVMm2xGaQ+h2U3t7ufzS9Kjd/yCYeqi1Av","previousCounter":-1,"rootKey":"5n2305qJigT8SNXkRolrmBwRTJJiyGuwFaAEMnYS6Sw="},"indexInfo":{"baseKey":"BTHBSGcJDriIbuLK/ltt4nelIJeqvYQSW+PMFD4e2uxR","baseKeyType":1,"closed":1732929510830,"used":1732929458840,"created":1732929458840,"remoteIdentityKey":"BY8zGdn0YMV/QK7oCbefb1D/WSF3YbMbOCBX2cDNdr4n"},"_chains":{"BcCKEDmWQfcVMm2xGaQ+h2U3t7ufzS9Kjd/yCYeqi1Av":{"chainKey":{"counter":0,"key":"Jk8MkFrXLlzJITJK66ifDIUzROd/CQVt6T0H9OhF8t8="},"chainType":2,"messageKeys":{}},"BXhRTd339u2urcJIPS55v1N1Cbb0pai273EkCKqANT8l":{"chainKey":{"counter":-1,"key":"szMGYC757XTAFVpycKfMWFPRpC7fH3oteZ117R0/U2M="},"chainType":1,"messageKeys":{}}},"pendingPreKey":{"signedKeyId":1,"baseKey":"BTHBSGcJDriIbuLK/ltt4nelIJeqvYQSW+PMFD4e2uxR","preKeyId":16672504}},"Bdnz7XDpO8jNfcGm0QDZynsi6OToZKjtTjByLuYJVM0m":{"registrationId":1897595618,"currentRatchet":{"ephemeralKeyPair":{"pubKey":"BdJoYpApIOH/Q6XJ44OIjt/Tf1mOKt9lBnuEUq9B795o","privKey":"cEqH7z1c2f3OniLBSh3LHf/+DNhoXor6yyi0Xh4vRUQ="},"lastRemoteEphemeralKey":"BcCKEDmWQfcVMm2xGaQ+h2U3t7ufzS9Kjd/yCYeqi1Av","previousCounter":-1,"rootKey":"D/PTLDJeq1bynsF9LRz6cugjK1PTJ5dzirpC1CJj/Yc="},"indexInfo":{"baseKey":"Bdnz7XDpO8jNfcGm0QDZynsi6OToZKjtTjByLuYJVM0m","baseKeyType":1,"closed":1732929526826,"used":1732929510819,"created":1732929510819,"remoteIdentityKey":"BY8zGdn0YMV/QK7oCbefb1D/WSF3YbMbOCBX2cDNdr4n"},"_chains":{"BcCKEDmWQfcVMm2xGaQ+h2U3t7ufzS9Kjd/yCYeqi1Av":{"chainKey":{"counter":1,"key":"iSu+kSJWC8vskHxwP84ngpGSVWSnI65R5ONakfsFMl4="},"chainType":2,"messageKeys":{"0":"8dO5CQDtoiAYrEtwByRxneS3N8r+HXwRqS4114adw+8="}},"BdJoYpApIOH/Q6XJ44OIjt/Tf1mOKt9lBnuEUq9B795o":{"chainKey":{"counter":-1,"key":"EGR8lMTIXiJahjC3v1CFzaOrqqvTGLqxoKWROyyrG5A="},"chainType":1,"messageKeys":{}}},"pendingPreKey":{"signedKeyId":1,"baseKey":"Bdnz7XDpO8jNfcGm0QDZynsi6OToZKjtTjByLuYJVM0m","preKeyId":16672526}},"BRFS6eUxEHaR8T3CAZNZ9YQ5wp22p/MseJw+AURXcd9U":{"registrationId":1897595618,"currentRatchet":{"ephemeralKeyPair":{"pubKey":"BXp47IX8wWZI6QIzQVBvFelHpJS0Wz+1zq9YdP5ECmIY","privKey":"YEIPpRzVo0ZJDPOXTxl0dwCqQaIJ0c72F2cyVVyUsGc="},"lastRemoteEphemeralKey":"BcCKEDmWQfcVMm2xGaQ+h2U3t7ufzS9Kjd/yCYeqi1Av","previousCounter":-1,"rootKey":"kt/G6KD2kExRp630wUZxGvwnGRdUBQ8vLhEbqMLIlC0="},"indexInfo":{"baseKey":"BRFS6eUxEHaR8T3CAZNZ9YQ5wp22p/MseJw+AURXcd9U","baseKeyType":1,"closed":1732929541034,"used":1732929526815,"created":1732929526815,"remoteIdentityKey":"BY8zGdn0YMV/QK7oCbefb1D/WSF3YbMbOCBX2cDNdr4n"},"_chains":{"BcCKEDmWQfcVMm2xGaQ+h2U3t7ufzS9Kjd/yCYeqi1Av":{"chainKey":{"counter":1,"key":"DGvbZPyrtZgcgpfBfLDV5erds51zZ1I8BiAVAXbuAGI="},"chainType":2,"messageKeys":{"0":"UubRxVwOP5L6tgBCZhwcKWTzITzvDyDUVkBjKAYVi1o="}},"BXp47IX8wWZI6QIzQVBvFelHpJS0Wz+1zq9YdP5ECmIY":{"chainKey":{"counter":-1,"key":"9V4ZqHTZg4DH5R9iJeDDl4h/mDCSO1iEqsSAY2hcAbI="},"chainType":1,"messageKeys":{}}},"pendingPreKey":{"signedKeyId":1,"baseKey":"BRFS6eUxEHaR8T3CAZNZ9YQ5wp22p/MseJw+AURXcd9U","preKeyId":16672466}},"Bb7YTq609A0xF08NoRaRN9DtuIBSODjTnIq45WZ78JZI":{"registrationId":1897595618,"currentRatchet":{"ephemeralKeyPair":{"pubKey":"BaG3T7vfBzi98axnF0FnreaALOBt/jrcgRE2yO7S7+Bl","privKey":"2MoCVEwIKpEmokf69DKrc3WisEb8pFtc3OvOEV+x9HU="},"lastRemoteEphemeralKey":"BcCKEDmWQfcVMm2xGaQ+h2U3t7ufzS9Kjd/yCYeqi1Av","previousCounter":-1,"rootKey":"ZxB/Q1H1JeN8CRu8Sprq/l74dR/XLZSVehUPi1s4Z64="},"indexInfo":{"baseKey":"Bb7YTq609A0xF08NoRaRN9DtuIBSODjTnIq45WZ78JZI","baseKeyType":1,"closed":1732929620734,"used":1732929540823,"created":1732929540823,"remoteIdentityKey":"BY8zGdn0YMV/QK7oCbefb1D/WSF3YbMbOCBX2cDNdr4n"},"_chains":{"BcCKEDmWQfcVMm2xGaQ+h2U3t7ufzS9Kjd/yCYeqi1Av":{"chainKey":{"counter":1,"key":"ITK6Qmci0241KmOY0J4xp/7B1yvVSlNKXht3q8mwn1Q="},"chainType":2,"messageKeys":{"0":"cRqAULmN8NH6FM0Mfldf/CawiPsrk2b379wwyxgkGJY="}},"BaG3T7vfBzi98axnF0FnreaALOBt/jrcgRE2yO7S7+Bl":{"chainKey":{"counter":0,"key":"1j1czNTzYLqhoVq9qdl7bUFzgfYHjMQiqVU4BQzDcDI="},"chainType":1,"messageKeys":{}}},"pendingPreKey":{"signedKeyId":1,"baseKey":"Bb7YTq609A0xF08NoRaRN9DtuIBSODjTnIq45WZ78JZI","preKeyId":16672535}},"BahJ7xMRANRabb6jIRBbI1D1XRBgtu1yRV+Y9IHgkx5s":{"registrationId":1897595618,"currentRatchet":{"ephemeralKeyPair":{"pubKey":"BQzcGCzA8gHwrYJKpkTxiLF82fnlSDpY6oVrfKORWbdc","privKey":"gDoD6oWLpvj6ZT1Fuwvz99Z9MlPeVePD37zTqssMzlo="},"lastRemoteEphemeralKey":"BamZyZb3TAWYM/SWmrT1guv1EHmVHRRK1s7LNQ1r1i0C","previousCounter":0,"rootKey":"0//xxthbIBA+tdYfj5fQx3ou6oxxNZnFZHEYJULahMs="},"indexInfo":{"baseKey":"BahJ7xMRANRabb6jIRBbI1D1XRBgtu1yRV+Y9IHgkx5s","baseKeyType":1,"closed":1732929622421,"used":1732929627135,"created":1732929620350,"remoteIdentityKey":"BY8zGdn0YMV/QK7oCbefb1D/WSF3YbMbOCBX2cDNdr4n"},"_chains":{"BamZyZb3TAWYM/SWmrT1guv1EHmVHRRK1s7LNQ1r1i0C":{"chainKey":{"counter":0,"key":"xbJttLTcIh51/5XNx4mNgYSJJ24mSbgr6QFgBESAOII="},"chainType":2,"messageKeys":{}},"BQzcGCzA8gHwrYJKpkTxiLF82fnlSDpY6oVrfKORWbdc":{"chainKey":{"counter":-1,"key":"0awEMuqVOypWxUnZPoKJxt70s/WNwA8D3B/qUQ+EmYY="},"chainType":1,"messageKeys":{}}}},"BW0HaRun5ewHvtVy91PgVy5pAf2lAl+noTLnJ8wcmIo0":{"registrationId":1897595618,"currentRatchet":{"ephemeralKeyPair":{"pubKey":"BZnL/mLYeoAYIUGTmuEjE4XpMHsTsmntmLdtL2V1jroU","privKey":"KPBSZSgF/FeAXhLcB4dZPTC/UtKwSX5doXR0Om8vs2k="},"lastRemoteEphemeralKey":"BamZyZb3TAWYM/SWmrT1guv1EHmVHRRK1s7LNQ1r1i0C","previousCounter":-1,"rootKey":"QRlt/GlYcI0/XqkJOa9zBdZb2/iO7U1H8BXosgSNwhk="},"indexInfo":{"baseKey":"BW0HaRun5ewHvtVy91PgVy5pAf2lAl+noTLnJ8wcmIo0","baseKeyType":1,"closed":1732929636315,"used":1732929622415,"created":1732929622415,"remoteIdentityKey":"BY8zGdn0YMV/QK7oCbefb1D/WSF3YbMbOCBX2cDNdr4n"},"_chains":{"BamZyZb3TAWYM/SWmrT1guv1EHmVHRRK1s7LNQ1r1i0C":{"chainKey":{"counter":0,"key":"6rDO/k+sgL6QNmjYje5igIamGAoZOufacSRdgfG3h2Q="},"chainType":2,"messageKeys":{}},"BZnL/mLYeoAYIUGTmuEjE4XpMHsTsmntmLdtL2V1jroU":{"chainKey":{"counter":5,"key":"GYLjV95wqK8yfejZf3fQ8sbGDWI3gyDU1PIEZzFu9wE="},"chainType":1,"messageKeys":{}}},"pendingPreKey":{"signedKeyId":1,"baseKey":"BW0HaRun5ewHvtVy91PgVy5pAf2lAl+noTLnJ8wcmIo0","preKeyId":16672529}},"BTYXGzMYBfG+fJwoQ8MsrxqIdnVtDP0KcAaKwyGHHTgv":{"registrationId":1897595618,"currentRatchet":{"ephemeralKeyPair":{"pubKey":"BSChwuoXTrNk90FFEhp7SKgYhk88ltJUSELZT8XFGz1f","privKey":"sOlrmcclmtVTTbbAO2A26HoG+dUWl6aLubhVZ2f7xFs="},"lastRemoteEphemeralKey":"BQEhIl4PjqTSSOzS+M1M96JnU0ADyrlr2H95K0Lh1BJk","previousCounter":0,"rootKey":"gCvjL0jERtrSHwUOHA4HsaVEc1F+4tBT97GYptd3v1o="},"indexInfo":{"baseKey":"BTYXGzMYBfG+fJwoQ8MsrxqIdnVtDP0KcAaKwyGHHTgv","baseKeyType":1,"closed":-1,"used":1732934455275,"created":1732929633325,"remoteIdentityKey":"BY8zGdn0YMV/QK7oCbefb1D/WSF3YbMbOCBX2cDNdr4n"},"_chains":{"Bc1pzL7TtB8Sm0UZ8b76aY/2wbNcxkOLrwhgi2R58eNR":{"chainKey":{"counter":0},"chainType":2,"messageKeys":{}},"BW4zOQLYb3olYhMuzbjxM3FnaHaRsMfGfWtrc38Ls9xU":{"chainKey":{"counter":2},"chainType":2,"messageKeys":{}},"BQRzWaMNZywfqzeEAq2N8cKAkpbr3p3oYkai5vpygWcD":{"chainKey":{"counter":0},"chainType":2,"messageKeys":{}},"BR9XEcHf/xPdoZySfVqJJeZ1fxvfzEJW3/DXuBoU8u0H":{"chainKey":{"counter":0},"chainType":2,"messageKeys":{}},"BfR/hRlYtpvAIeb7o7cW0B5xR326TKbM/Y9OmdVzUtx3":{"chainKey":{"counter":0},"chainType":2,"messageKeys":{}},"BXAEJAvqvtItz7sYFQMmnypmpv//XCKLpw2yJSE3ia9R":{"chainKey":{"counter":0},"chainType":2,"messageKeys":{}},"BZul4mSY9C2ubbmm5yP42jfvRxvD95cinmwHljhqzJ4D":{"chainKey":{"counter":2},"chainType":2,"messageKeys":{}},"BY5w/WloF8sO1m1wyUhjpH8XnFw0GhYJHVVKKD11xs1+":{"chainKey":{"counter":11},"chainType":2,"messageKeys":{}},"BSLUUdEKvIUrAVKY1qrUeJJeRDYV0F8dlfMDbf1nhj4B":{"chainKey":{"counter":0},"chainType":2,"messageKeys":{}},"BXkRtZN6n7mOBWurv+65qIG0YoOzJB+xAnhEFz6sz25f":{"chainKey":{"counter":1},"chainType":2,"messageKeys":{}},"BYJv3zg+QijeD7iFJbn8TCm/Fhpd7AcOgYdc3KaV+Clf":{"chainKey":{"counter":2},"chainType":2,"messageKeys":{}},"BURSvFb9mPsyuq2EsMNwu8FoFpW7mDH6J7x4fVXF21Mw":{"chainKey":{"counter":2},"chainType":2,"messageKeys":{}},"BRuGGFPHzI9cYhsuXbgqOBGy6M4ju4fH5jY8w0c4Dj9m":{"chainKey":{"counter":5},"chainType":2,"messageKeys":{}},"BRykprxMAAQ5AfNJH+eYx+zj0ZhK/Zeiri0nQ9y/pCFq":{"chainKey":{"counter":1},"chainType":2,"messageKeys":{}},"BQEhIl4PjqTSSOzS+M1M96JnU0ADyrlr2H95K0Lh1BJk":{"chainKey":{"counter":0,"key":"mnzIVEJBjUud//TwDuZrsmHh3w+xgbFieXiizG+vM20="},"chainType":2,"messageKeys":{}},"BSChwuoXTrNk90FFEhp7SKgYhk88ltJUSELZT8XFGz1f":{"chainKey":{"counter":-1,"key":"5wIPwKROdVzYKySdUtDbfAQasPnvy6fhVXWJ074QIEQ="},"chainType":1,"messageKeys":{}}}}},"version":"v1"}