{"_sessions":{"BelrnbzUSVtt+sYz4kRWBfmFifj7QbiaaW49m1q8kd5L":{"registrationId":286617372,"currentRatchet":{"ephemeralKeyPair":{"pubKey":"BU07wEgpKACy6lDl2AjeikwukGGcprfp/QyQJZJ96wAh","privKey":"uDU6dp71oAU5eb95KRUHo/FpZ6eKCSjSaBH8U3ejwlQ="},"lastRemoteEphemeralKey":"BengIPKDuzTwr2c02altzv2ihogsh71PRL3+otoV9YVo","previousCounter":8,"rootKey":"EbJ8oZBBaubEWVjrNiJVzYhcJs7rg0zH658Ga1zWoPg="},"indexInfo":{"baseKey":"BelrnbzUSVtt+sYz4kRWBfmFifj7QbiaaW49m1q8kd5L","baseKeyType":1,"closed":-1,"used":1732931350739,"created":1732929081314,"remoteIdentityKey":"BWUaOif0SW660ZAKE+9H9g9hIvb7wW0GykYGna1CrSgK"},"_chains":{"BengIPKDuzTwr2c02altzv2ihogsh71PRL3+otoV9YVo":{"chainKey":{"counter":0,"key":"F/Ekdkxsxl9SNE3I28IPoJnQfn8/5Luylm/hHfAzFf0="},"chainType":2,"messageKeys":{}},"BU07wEgpKACy6lDl2AjeikwukGGcprfp/QyQJZJ96wAh":{"chainKey":{"counter":5,"key":"2bauaOps8h3vcuVKaHs2y/Yzc+ZRnU2l3n6E6GxR0xw="},"chainType":1,"messageKeys":{}}}}},"version":"v1"}