{"_sessions":{"BcVgTH2VeRcH+i9pJbBA6Yv2892vHp61we0jXqyOIERC":{"registrationId":1811325473,"currentRatchet":{"ephemeralKeyPair":{"pubKey":"BV1Y6ilbqPjI7RdOmJBBZ2lxErHsUALErua8OmOCi/Ep","privKey":"gPFHVgOU3MzhHUG1KbHH9QZr0GaS3kOmOJr1thuw0FQ="},"lastRemoteEphemeralKey":"BYarslhvzDt8q4UnQsMeU4BtNLGaoEpApidg4o7OLrZB","previousCounter":5,"rootKey":"KVWWvVitlo7Y0FmtGiCWgVFSXQxbLsVnZXMaQ6dZUj8="},"indexInfo":{"baseKey":"BcVgTH2VeRcH+i9pJbBA6Yv2892vHp61we0jXqyOIERC","baseKeyType":1,"closed":-1,"used":1732931598508,"created":1732929081031,"remoteIdentityKey":"Bcs/8eDgXAZUVtUDYZjQCIkK700X536GJgsBmE9UrTtS"},"_chains":{"BYysZB4CQt7dVOjkI0BN+MzXtmf5UbeAVynlkK1Mo4Qx":{"chainKey":{"counter":0},"chainType":2,"messageKeys":{}},"BYarslhvzDt8q4UnQsMeU4BtNLGaoEpApidg4o7OLrZB":{"chainKey":{"counter":0,"key":"urlM9g6H36qg0DBfICiZP1iq7lUaXIjtFOIEb27UukE="},"chainType":2,"messageKeys":{}},"BV1Y6ilbqPjI7RdOmJBBZ2lxErHsUALErua8OmOCi/Ep":{"chainKey":{"counter":0,"key":"IX3NW1P94U2mC8h9CdfXp8dTt1EsXfb12PCI3KKAA/c="},"chainType":1,"messageKeys":{}}}}},"version":"v1"}