{"_sessions":{"BQfBwm1W3HJCWiYcZy6YR7FU5K4Sce8+8Z1g4ESduO9n":{"registrationId":6272,"currentRatchet":{"ephemeralKeyPair":{"pubKey":"BYLtE0F8hVoITjN3VEXP/zdWPPRFpibaQEbfCCPamZpB","privKey":"MDPlfGnQqncSOCm1QTPO5yAZuH4Go8INTUu8AUAUZ0A="},"lastRemoteEphemeralKey":"BW1Off7uZgCJ5siqvOmZsdvuelmRf6dRuDRgNBdtHY95","previousCounter":0,"rootKey":"xGEI8S8IFGROZRVgcQH3Qa3yQJxtVJknWne8yHLU6gA="},"indexInfo":{"baseKey":"BQfBwm1W3HJCWiYcZy6YR7FU5K4Sce8+8Z1g4ESduO9n","baseKeyType":1,"closed":-1,"used":1732929081019,"created":1732929081019,"remoteIdentityKey":"BRFdggNcdJTXVhlhx4vIeSC4g69DgbL5gE52AvUAdiZ4"},"_chains":{"BYLtE0F8hVoITjN3VEXP/zdWPPRFpibaQEbfCCPamZpB":{"chainKey":{"counter":14,"key":"cAcBq+amhX7Rk8GGcgCYaZEAGTiq9hKMZ9KmkgIlKR0="},"chainType":1,"messageKeys":{}}},"pendingPreKey":{"signedKeyId":3,"baseKey":"BQfBwm1W3HJCWiYcZy6YR7FU5K4Sce8+8Z1g4ESduO9n"}}},"version":"v1"}