{"_sessions":{"Bdg3zpvoQLYBK4DATnuHcI5wvUrPAc+S6Vfa4995nQ1J":{"registrationId":83757845,"currentRatchet":{"ephemeralKeyPair":{"pubKey":"BQ7iN7DsNTkA9d85/P7i+nLuveewOwTMHJ+L389EP2Jz","privKey":"WJoWS3MtK0paL/a0n7U+x3Dtk+K7zLy6pJf3FzZ0iHs="},"lastRemoteEphemeralKey":"Bb+Bd3YxMtFV6+5Qb1PE2dTPfUwetIGDU0ak9Jb+iLBB","previousCounter":0,"rootKey":"JGvuomvrBl6Cv+NHqzsLSRSFT8Q40wtJrwPRAjvQhsw="},"indexInfo":{"baseKey":"Bdg3zpvoQLYBK4DATnuHcI5wvUrPAc+S6Vfa4995nQ1J","baseKeyType":2,"closed":-1,"used":1732932092718,"created":1732932092718,"remoteIdentityKey":"BWC6ycV+R+WpG7Dhcl9QUZwbIgP8u0yScI+OdX6FwIYB"},"_chains":{"Bb+Bd3YxMtFV6+5Qb1PE2dTPfUwetIGDU0ak9Jb+iLBB":{"chainKey":{"counter":6,"key":"+/Zkb5B8pJt+FtzUtxghVWDyDzA/imXRo9XQmq0/1VU="},"chainType":2,"messageKeys":{}},"BQ7iN7DsNTkA9d85/P7i+nLuveewOwTMHJ+L389EP2Jz":{"chainKey":{"counter":-1,"key":"67GLlSg4jB/J40m12EFBfCF7Dtz0nM09+bNaNmS/cdk="},"chainType":1,"messageKeys":{}}}}},"version":"v1"}