{"_sessions":{"BTr0eoNTaM2wAkyNVr+g4BO407RPMXJwma5qNZbiXFlQ":{"registrationId":33,"currentRatchet":{"ephemeralKeyPair":{"pubKey":"Ba/xqsbIgMqR+EVsFw1yOyoBAnIvNM8tCD85ZlNdKTcs","privKey":"oFCEtgsebIx8kGkQ82UkZN3CV4ixf69jUZFjhI8i/3g="},"lastRemoteEphemeralKey":"BcDbWW9NXynvpvLAWlCpqUVGQp1apvJecKLNKgwqr+VV","previousCounter":0,"rootKey":"i9rRZ2W3BO2TbEZNDHufSd7bgnfGnPGTcR37yYqdfZo="},"indexInfo":{"baseKey":"BTr0eoNTaM2wAkyNVr+g4BO407RPMXJwma5qNZbiXFlQ","baseKeyType":2,"closed":1732931360647,"used":1732931359617,"created":1732931359617,"remoteIdentityKey":"BVnSxjyPTqby+IQgOl6FpDT7KVPHho9S5TNo816hN75F"},"_chains":{"BcDbWW9NXynvpvLAWlCpqUVGQp1apvJecKLNKgwqr+VV":{"chainKey":{"counter":0,"key":"qEH7pS/AMlw3Bi2KFXH8HgIbZyib2KY+zdPKNRf7mLk="},"chainType":2,"messageKeys":{}},"Ba/xqsbIgMqR+EVsFw1yOyoBAnIvNM8tCD85ZlNdKTcs":{"chainKey":{"counter":-1,"key":"IBqNXwN3HZaPO5lvnLzA/8D4eeRcLos0x/4E7WFJfXo="},"chainType":1,"messageKeys":{}}}},"BQcQ1EFOAhMr+QWwQF5Yc6DsoE71XymwQ/hEwPRmMJJY":{"registrationId":33,"currentRatchet":{"ephemeralKeyPair":{"pubKey":"BXoUFcrw5Ei++X2FjPjJs0dYWCUlDlluAQLZwBymoRlS","privKey":"mBqEuO169LUt4QORkU82eFbSrlSEcye89kSGFUbTxEQ="},"lastRemoteEphemeralKey":"BZdprK1Fo9ina/G9PKmP7kzhakXbLITP/i8MAzLRw8RI","previousCounter":0,"rootKey":"Sy155BaNpoif9LO1iidN8uohkR7nQcAV+NfHQvLXzUA="},"indexInfo":{"baseKey":"BQcQ1EFOAhMr+QWwQF5Yc6DsoE71XymwQ/hEwPRmMJJY","baseKeyType":1,"closed":1732931367705,"used":1732931360625,"created":1732931360625,"remoteIdentityKey":"BVnSxjyPTqby+IQgOl6FpDT7KVPHho9S5TNo816hN75F"},"_chains":{"BXoUFcrw5Ei++X2FjPjJs0dYWCUlDlluAQLZwBymoRlS":{"chainKey":{"counter":-1,"key":"Dqu4VLvfLBp1cUqhyF1FUfg7H+BTiWaiVBpgrpVKY70="},"chainType":1,"messageKeys":{}}},"pendingPreKey":{"signedKeyId":1,"baseKey":"BQcQ1EFOAhMr+QWwQF5Yc6DsoE71XymwQ/hEwPRmMJJY","preKeyId":30}},"BUjbFyi3KkDkujx1e6KgMTbZnIKPFqO8OX6Cf6Zw0ckQ":{"registrationId":33,"currentRatchet":{"ephemeralKeyPair":{"pubKey":"BXLfxs6V/nKm7am+Dl7Bf3TwZcKwnBlyjZi7Y6sPA5Eu","privKey":"YHw4g92ca7sab8mwbG6QI+kO7/7qp4EQK0/v6o5/VHc="},"lastRemoteEphemeralKey":"BZdprK1Fo9ina/G9PKmP7kzhakXbLITP/i8MAzLRw8RI","previousCounter":0,"rootKey":"8GWksYu51OoHGs2wOxibPIrjlDiNQKU3Hj/FHd3V6GY="},"indexInfo":{"baseKey":"BUjbFyi3KkDkujx1e6KgMTbZnIKPFqO8OX6Cf6Zw0ckQ","baseKeyType":1,"closed":1732931370633,"used":1732931365741,"created":1732931365741,"remoteIdentityKey":"BVnSxjyPTqby+IQgOl6FpDT7KVPHho9S5TNo816hN75F"},"_chains":{"BXLfxs6V/nKm7am+Dl7Bf3TwZcKwnBlyjZi7Y6sPA5Eu":{"chainKey":{"counter":-1,"key":"zjjhDGt19Qd6+tOTrNk+FpjIU0Q9Nz0lPRS0pFj8/hw="},"chainType":1,"messageKeys":{}}},"pendingPreKey":{"signedKeyId":1,"baseKey":"BUjbFyi3KkDkujx1e6KgMTbZnIKPFqO8OX6Cf6Zw0ckQ","preKeyId":4}},"BdohVko4R3YAbcjUWR7FqmdrR/n6JCFEYI/3pDwSjYYL":{"registrationId":33,"currentRatchet":{"ephemeralKeyPair":{"pubKey":"BWhpO2vljr6Z19cCQl3P+//NVwqvG7jqoZcH8/QLwG9U","privKey":"iFuscjingPVghHsZALg6OwUPuq5rJjegUN0lrGLzTl0="},"lastRemoteEphemeralKey":"BZdprK1Fo9ina/G9PKmP7kzhakXbLITP/i8MAzLRw8RI","previousCounter":0,"rootKey":"hohYUJhBt4hpydkF16TC+26kqklePVn7HcqVioB5/1s="},"indexInfo":{"baseKey":"BdohVko4R3YAbcjUWR7FqmdrR/n6JCFEYI/3pDwSjYYL","baseKeyType":1,"closed":1732931375825,"used":1732931370624,"created":1732931370624,"remoteIdentityKey":"BVnSxjyPTqby+IQgOl6FpDT7KVPHho9S5TNo816hN75F"},"_chains":{"BWhpO2vljr6Z19cCQl3P+//NVwqvG7jqoZcH8/QLwG9U":{"chainKey":{"counter":-1,"key":"YdDiIpvbseo0Kd2sMkoQkBL9ex9NjSu0wfHlk89tMzw="},"chainType":1,"messageKeys":{}}},"pendingPreKey":{"signedKeyId":1,"baseKey":"BdohVko4R3YAbcjUWR7FqmdrR/n6JCFEYI/3pDwSjYYL","preKeyId":1}},"BRZWN4G4hnt3bs5/RmYzesewiWOGlFV5Tw/SVA+Re7QY":{"registrationId":33,"currentRatchet":{"ephemeralKeyPair":{"pubKey":"BQxDOPP2nid9qFSJE6YbpSUlt6HCK03/fGgw0MbQOjsC","privKey":"gFs3zdErks9cwFPymdW9/dOAwxV1dQiy9Bo/wTstH3U="},"lastRemoteEphemeralKey":"BZdprK1Fo9ina/G9PKmP7kzhakXbLITP/i8MAzLRw8RI","previousCounter":0,"rootKey":"KlmDe0yogGaZJWYp1CiZYqh2skLzNapG0Pxr4T3LtuQ="},"indexInfo":{"baseKey":"BRZWN4G4hnt3bs5/RmYzesewiWOGlFV5Tw/SVA+Re7QY","baseKeyType":1,"closed":1732931381605,"used":1732931375823,"created":1732931375823,"remoteIdentityKey":"BVnSxjyPTqby+IQgOl6FpDT7KVPHho9S5TNo816hN75F"},"_chains":{"BQxDOPP2nid9qFSJE6YbpSUlt6HCK03/fGgw0MbQOjsC":{"chainKey":{"counter":-1,"key":"sOD5xam1kX4BiVHlnJfV/eZO09gcAcXVXWZLoq1lBEY="},"chainType":1,"messageKeys":{}}},"pendingPreKey":{"signedKeyId":1,"baseKey":"BRZWN4G4hnt3bs5/RmYzesewiWOGlFV5Tw/SVA+Re7QY","preKeyId":28}},"BcSe9xeAJZ7ByBdHDMTh03VP2eW6J04EDPfhZnpRhZc3":{"registrationId":33,"currentRatchet":{"ephemeralKeyPair":{"pubKey":"BQIhX9cOYV9+d5tRHZ+2k5A7a/H0Dpyuj8bbCdjrrq9d","privKey":"4N3J9xkNEs0inuVi6XMr1TeL2ictVYa81jm6ihZgJXM="},"lastRemoteEphemeralKey":"BZdprK1Fo9ina/G9PKmP7kzhakXbLITP/i8MAzLRw8RI","previousCounter":0,"rootKey":"eBtNKs/hP0PvrKVREnlk72ANLoMeO0GqGN9nOmyXXLU="},"indexInfo":{"baseKey":"BcSe9xeAJZ7ByBdHDMTh03VP2eW6J04EDPfhZnpRhZc3","baseKeyType":1,"closed":1732931386516,"used":1732931381523,"created":1732931381523,"remoteIdentityKey":"BVnSxjyPTqby+IQgOl6FpDT7KVPHho9S5TNo816hN75F"},"_chains":{"BQIhX9cOYV9+d5tRHZ+2k5A7a/H0Dpyuj8bbCdjrrq9d":{"chainKey":{"counter":-1,"key":"4AD1u3Gu1D0xQ+prN+e82IuvYdEGK9ZM8AM7ql/tN+Q="},"chainType":1,"messageKeys":{}}},"pendingPreKey":{"signedKeyId":1,"baseKey":"BcSe9xeAJZ7ByBdHDMTh03VP2eW6J04EDPfhZnpRhZc3","preKeyId":27}},"Ba+gDxs5ul2SdFjrIYxoI1DMK6o3Kq/8FX2XpaGZkVtt":{"registrationId":33,"currentRatchet":{"ephemeralKeyPair":{"pubKey":"BQzXH2SJuSsVZ+91lWhGE9R6Q/eyI921vtw1WgzatIJn","privKey":"gNxP1O5484ctYKw/ZtUqn/nxfKtVua3ZiRAfh6ekS3M="},"lastRemoteEphemeralKey":"BZdprK1Fo9ina/G9PKmP7kzhakXbLITP/i8MAzLRw8RI","previousCounter":0,"rootKey":"vSDTR2qz0p65j7i5qW9wNG0CfDn2VpRK1beEOl/USZ0="},"indexInfo":{"baseKey":"Ba+gDxs5ul2SdFjrIYxoI1DMK6o3Kq/8FX2XpaGZkVtt","baseKeyType":1,"closed":1732931391650,"used":1732931386330,"created":1732931386330,"remoteIdentityKey":"BVnSxjyPTqby+IQgOl6FpDT7KVPHho9S5TNo816hN75F"},"_chains":{"BQzXH2SJuSsVZ+91lWhGE9R6Q/eyI921vtw1WgzatIJn":{"chainKey":{"counter":-1,"key":"cGLzQqEiGfD4isnL3gvGpqFDktMxjGPJj8p0aUEzr4Q="},"chainType":1,"messageKeys":{}}},"pendingPreKey":{"signedKeyId":1,"baseKey":"Ba+gDxs5ul2SdFjrIYxoI1DMK6o3Kq/8FX2XpaGZkVtt","preKeyId":20}},"BfuCbb88d/gFTQZZ4v1Ew8YRBNDi3KQfM7TnN4YuO9Va":{"registrationId":33,"currentRatchet":{"ephemeralKeyPair":{"pubKey":"BaTTOO6NeThNhVzWZjK+3Jwxc4qAB4wtLbDZK85q9TER","privKey":"OLyrt7Yk+OEZt0cNtDnnVtfQdOSIXZy501VF2fq+61g="},"lastRemoteEphemeralKey":"BZdprK1Fo9ina/G9PKmP7kzhakXbLITP/i8MAzLRw8RI","previousCounter":0,"rootKey":"NiXoTRBOP36YaZ9OwsuavnQ+LhwYeSsxzJuJwy04QjI="},"indexInfo":{"baseKey":"BfuCbb88d/gFTQZZ4v1Ew8YRBNDi3KQfM7TnN4YuO9Va","baseKeyType":1,"closed":1732931396931,"used":1732931391622,"created":1732931391622,"remoteIdentityKey":"BVnSxjyPTqby+IQgOl6FpDT7KVPHho9S5TNo816hN75F"},"_chains":{"BaTTOO6NeThNhVzWZjK+3Jwxc4qAB4wtLbDZK85q9TER":{"chainKey":{"counter":-1,"key":"VuVxrTPTbNKVubR0E857lIudPanmKeeoL7KeAjjwk0k="},"chainType":1,"messageKeys":{}}},"pendingPreKey":{"signedKeyId":1,"baseKey":"BfuCbb88d/gFTQZZ4v1Ew8YRBNDi3KQfM7TnN4YuO9Va","preKeyId":6}},"BSjC7F9NH92PBUJKsmLB8tau5n/dwQOY3GUtYWd+4/0S":{"registrationId":33,"currentRatchet":{"ephemeralKeyPair":{"pubKey":"Ban+rKSrDYmlYo/cGLMzFcrn+q6NnTO760HbPSEH9FEV","privKey":"aBLjZ6F57lXDAX1WXXp1nNMg4rTVt37IB+PDnkZ2RGs="},"lastRemoteEphemeralKey":"BZdprK1Fo9ina/G9PKmP7kzhakXbLITP/i8MAzLRw8RI","previousCounter":0,"rootKey":"m393ggNwYi1FAtXkZh79hP0MunTORgR4wp7NX2xTDEM="},"indexInfo":{"baseKey":"BSjC7F9NH92PBUJKsmLB8tau5n/dwQOY3GUtYWd+4/0S","baseKeyType":1,"closed":1732931403628,"used":1732931396922,"created":1732931396922,"remoteIdentityKey":"BVnSxjyPTqby+IQgOl6FpDT7KVPHho9S5TNo816hN75F"},"_chains":{"Ban+rKSrDYmlYo/cGLMzFcrn+q6NnTO760HbPSEH9FEV":{"chainKey":{"counter":-1,"key":"Ydm+Oo/R6cJbJHuEX5hlKWE4G1aPo3v6z4VKhKPDvy4="},"chainType":1,"messageKeys":{}}},"pendingPreKey":{"signedKeyId":1,"baseKey":"BSjC7F9NH92PBUJKsmLB8tau5n/dwQOY3GUtYWd+4/0S","preKeyId":2}},"BcvS4fOGY42gInykfJwjQmoS1ooPqLu9CfigPCZsDRUH":{"registrationId":33,"currentRatchet":{"ephemeralKeyPair":{"pubKey":"BZXCorc1/n4SPhIDFX/DyMi7xQWy9gzIO69vvpY56nwQ","privKey":"YCkTYQJZy22uV4ER9jQlr8JvSsOC93bV2PpQhB30M0I="},"lastRemoteEphemeralKey":"BZdprK1Fo9ina/G9PKmP7kzhakXbLITP/i8MAzLRw8RI","previousCounter":0,"rootKey":"88CiD9gc4Nm2NKLfXqtB0hn75nq3OMSZk8cp0LqfP6g="},"indexInfo":{"baseKey":"BcvS4fOGY42gInykfJwjQmoS1ooPqLu9CfigPCZsDRUH","baseKeyType":1,"closed":1732931407612,"used":1732931402909,"created":1732931402909,"remoteIdentityKey":"BVnSxjyPTqby+IQgOl6FpDT7KVPHho9S5TNo816hN75F"},"_chains":{"BZXCorc1/n4SPhIDFX/DyMi7xQWy9gzIO69vvpY56nwQ":{"chainKey":{"counter":-1,"key":"2JNeJjknW5F1uAXzJNPVV8O3Ylb8rYr3/67sbijkTUE="},"chainType":1,"messageKeys":{}}},"pendingPreKey":{"signedKeyId":1,"baseKey":"BcvS4fOGY42gInykfJwjQmoS1ooPqLu9CfigPCZsDRUH","preKeyId":18}},"BUVWqRJ4a59xLVbRY9fIYCPGo2nBvoxj1JVZPhlT3nx5":{"registrationId":33,"currentRatchet":{"ephemeralKeyPair":{"pubKey":"BQtafB+DOfygzJCvVAYxu0BZu71mf0OJycEONwbDC3MN","privKey":"4EWHZN0+EK8HMUNuVzNiRYWHlcWN7laGApMl0O/IZF8="},"lastRemoteEphemeralKey":"BZdprK1Fo9ina/G9PKmP7kzhakXbLITP/i8MAzLRw8RI","previousCounter":0,"rootKey":"iV4Sx5rmR2IDcljtlNEJ3wH9A97eoUwaPY5/SgNkyE4="},"indexInfo":{"baseKey":"BUVWqRJ4a59xLVbRY9fIYCPGo2nBvoxj1JVZPhlT3nx5","baseKeyType":1,"closed":1732931426043,"used":1732931407424,"created":1732931407424,"remoteIdentityKey":"BVnSxjyPTqby+IQgOl6FpDT7KVPHho9S5TNo816hN75F"},"_chains":{"BQtafB+DOfygzJCvVAYxu0BZu71mf0OJycEONwbDC3MN":{"chainKey":{"counter":-1,"key":"pcxgD4TbbmNDNrCcOusj5rs+HcvZKM/jC2cHwQRQ3Yw="},"chainType":1,"messageKeys":{}}},"pendingPreKey":{"signedKeyId":1,"baseKey":"BUVWqRJ4a59xLVbRY9fIYCPGo2nBvoxj1JVZPhlT3nx5","preKeyId":25}},"BWRiD/3vblXoSVvKL0g65ifu7ZddoLi2LIYLvrzUgtdi":{"registrationId":33,"currentRatchet":{"ephemeralKeyPair":{"pubKey":"BZRmweaQhwwxxHaTJoafR1IUJDnLfoVvuHqbvi2iUCAD","privKey":"8Nhe45IoxDDnbGi+vxUfcbY9luQ0li7uaG3AOvMQ3HY="},"lastRemoteEphemeralKey":"BZdprK1Fo9ina/G9PKmP7kzhakXbLITP/i8MAzLRw8RI","previousCounter":0,"rootKey":"/3cLS1qgzYx1oQATHoV9dqbeCg49Ypc/ZeUqH16c08w="},"indexInfo":{"baseKey":"BWRiD/3vblXoSVvKL0g65ifu7ZddoLi2LIYLvrzUgtdi","baseKeyType":1,"closed":1732931431537,"used":1732931426033,"created":1732931426033,"remoteIdentityKey":"BVnSxjyPTqby+IQgOl6FpDT7KVPHho9S5TNo816hN75F"},"_chains":{"BZRmweaQhwwxxHaTJoafR1IUJDnLfoVvuHqbvi2iUCAD":{"chainKey":{"counter":-1,"key":"LFsGoeqUFkb71qjpnkSBcmz8WlQPgC9Bq54V4iArx88="},"chainType":1,"messageKeys":{}}},"pendingPreKey":{"signedKeyId":1,"baseKey":"BWRiD/3vblXoSVvKL0g65ifu7ZddoLi2LIYLvrzUgtdi","preKeyId":7}},"Bb0NuoINGlo5pkPqExsHCyMBgE4orawSEXdOxCTAC68B":{"registrationId":33,"currentRatchet":{"ephemeralKeyPair":{"pubKey":"BUHjpJvUIGT5wuLpb8CUMmYmFuzRpmnZuicSbBQ7ethl","privKey":"ACEgzbyRwrkE9ZzuwXFoux3kjrwwY1uePtSlS5zoL0g="},"lastRemoteEphemeralKey":"BZdprK1Fo9ina/G9PKmP7kzhakXbLITP/i8MAzLRw8RI","previousCounter":0,"rootKey":"OBGZ3tcrPhZvVmOMDdmq8yJPlH3ICIjwKs9ov9upCQA="},"indexInfo":{"baseKey":"Bb0NuoINGlo5pkPqExsHCyMBgE4orawSEXdOxCTAC68B","baseKeyType":1,"closed":1732931438505,"used":1732931431533,"created":1732931431533,"remoteIdentityKey":"BVnSxjyPTqby+IQgOl6FpDT7KVPHho9S5TNo816hN75F"},"_chains":{"BUHjpJvUIGT5wuLpb8CUMmYmFuzRpmnZuicSbBQ7ethl":{"chainKey":{"counter":-1,"key":"i4E+Ffhp/xN9C3eIopWHxpR0HYkE3jhnFmfdj5pATTw="},"chainType":1,"messageKeys":{}}},"pendingPreKey":{"signedKeyId":1,"baseKey":"Bb0NuoINGlo5pkPqExsHCyMBgE4orawSEXdOxCTAC68B","preKeyId":14}},"BXdhjYn7X8ecpKj432snUh4Cwwqa4sK5RDjLqeLkCKNz":{"registrationId":33,"currentRatchet":{"ephemeralKeyPair":{"pubKey":"BcQGwVKxH/0D0/+GTKXq0WXLBxJIHcOCe4+8ZxMkvjBT","privKey":"AJuCSx3ZFo+1I0QINBhdoMssMPpBvLKJL5TPr0TsM34="},"lastRemoteEphemeralKey":"BZdprK1Fo9ina/G9PKmP7kzhakXbLITP/i8MAzLRw8RI","previousCounter":0,"rootKey":"KJAuhoo0s/7Z4CC5I0EtewYRhOX2jnIb4A1j9ZJgjRQ="},"indexInfo":{"baseKey":"BXdhjYn7X8ecpKj432snUh4Cwwqa4sK5RDjLqeLkCKNz","baseKeyType":1,"closed":1732931441417,"used":1732931437653,"created":1732931437653,"remoteIdentityKey":"BVnSxjyPTqby+IQgOl6FpDT7KVPHho9S5TNo816hN75F"},"_chains":{"BcQGwVKxH/0D0/+GTKXq0WXLBxJIHcOCe4+8ZxMkvjBT":{"chainKey":{"counter":-1,"key":"90vs+troZ4MkXXTvyQI8P36zJt1/AbqGa6apjojTx3o="},"chainType":1,"messageKeys":{}}},"pendingPreKey":{"signedKeyId":1,"baseKey":"BXdhjYn7X8ecpKj432snUh4Cwwqa4sK5RDjLqeLkCKNz","preKeyId":5}},"BbumSI3RMqUvCkD/Yjdl1/hoQdSkV2YKdIJoMFyxPMkC":{"registrationId":33,"currentRatchet":{"ephemeralKeyPair":{"pubKey":"Bd16/gMo9Zv1FuA+kFAvOF9mjrp768jER7sTO/7GkoI1","privKey":"+A+q2p4QlxORuTQc6rEVkXdebgDuBcpuAQtkeNj120c="},"lastRemoteEphemeralKey":"BZdprK1Fo9ina/G9PKmP7kzhakXbLITP/i8MAzLRw8RI","previousCounter":0,"rootKey":"jcEZilLBjYCpqGATt2r+StipNZ4yOKUyowcEdzb+QA0="},"indexInfo":{"baseKey":"BbumSI3RMqUvCkD/Yjdl1/hoQdSkV2YKdIJoMFyxPMkC","baseKeyType":1,"closed":1732931446418,"used":1732931441224,"created":1732931441224,"remoteIdentityKey":"BVnSxjyPTqby+IQgOl6FpDT7KVPHho9S5TNo816hN75F"},"_chains":{"Bd16/gMo9Zv1FuA+kFAvOF9mjrp768jER7sTO/7GkoI1":{"chainKey":{"counter":-1,"key":"OJj2Z8j6Li9Od5RD27R6n/BPugRXcQmmq6nGNLnSDNo="},"chainType":1,"messageKeys":{}}},"pendingPreKey":{"signedKeyId":1,"baseKey":"BbumSI3RMqUvCkD/Yjdl1/hoQdSkV2YKdIJoMFyxPMkC","preKeyId":21}},"BWi2o7+a4kRkKwShYfStHnrBZBTnWvSZAKEM2HIxQEwH":{"registrationId":33,"currentRatchet":{"ephemeralKeyPair":{"pubKey":"BS1ydwqp1AvCuhfUvCiCN+ej/RDILfeDOXtiW0KEMtB6","privKey":"6Pp8p7QiF8wqQrYy/7sl6iI5zZ6f2COCr+ma1chzD2U="},"lastRemoteEphemeralKey":"BZdprK1Fo9ina/G9PKmP7kzhakXbLITP/i8MAzLRw8RI","previousCounter":0,"rootKey":"Fx0DO7V9phoiSFZz5viie4RVajOxNrw1HEVKlhjpBgs="},"indexInfo":{"baseKey":"BWi2o7+a4kRkKwShYfStHnrBZBTnWvSZAKEM2HIxQEwH","baseKeyType":1,"closed":1732931451632,"used":1732931446325,"created":1732931446325,"remoteIdentityKey":"BVnSxjyPTqby+IQgOl6FpDT7KVPHho9S5TNo816hN75F"},"_chains":{"BS1ydwqp1AvCuhfUvCiCN+ej/RDILfeDOXtiW0KEMtB6":{"chainKey":{"counter":-1,"key":"FMz1Dx6UgelLI1zkScg3ny1QQiFelRwc50NNw8+g4oA="},"chainType":1,"messageKeys":{}}},"pendingPreKey":{"signedKeyId":1,"baseKey":"BWi2o7+a4kRkKwShYfStHnrBZBTnWvSZAKEM2HIxQEwH","preKeyId":26}},"BRAHSNJhYB3J4OFZGG0weJHBr92gn7zJNrV4T2Z6pCwi":{"registrationId":33,"currentRatchet":{"ephemeralKeyPair":{"pubKey":"BSbPgt87GWX/hiKlOTYqIopf3YkiWHNvLCVDVzpNXW4g","privKey":"0EC+rBhhEa/CMLRWZ+iwRoiNRGbaVfhi9t78Xfp7slc="},"lastRemoteEphemeralKey":"BZdprK1Fo9ina/G9PKmP7kzhakXbLITP/i8MAzLRw8RI","previousCounter":0,"rootKey":"36pFyfVC7mArkOgB3v5LNM3Lv+lHf4nv0NoAL60ZlPE="},"indexInfo":{"baseKey":"BRAHSNJhYB3J4OFZGG0weJHBr92gn7zJNrV4T2Z6pCwi","baseKeyType":1,"closed":1732931457409,"used":1732931451629,"created":1732931451629,"remoteIdentityKey":"BVnSxjyPTqby+IQgOl6FpDT7KVPHho9S5TNo816hN75F"},"_chains":{"BSbPgt87GWX/hiKlOTYqIopf3YkiWHNvLCVDVzpNXW4g":{"chainKey":{"counter":-1,"key":"+AsnJ/ZGig3n0k08jQ/XRObLx02XTIsnvi3woHega28="},"chainType":1,"messageKeys":{}}},"pendingPreKey":{"signedKeyId":1,"baseKey":"BRAHSNJhYB3J4OFZGG0weJHBr92gn7zJNrV4T2Z6pCwi","preKeyId":23}},"BdOBG3FPzYkvzfe+xpM0P7flaQ5ehxgmvfTNint8Kfl7":{"registrationId":33,"currentRatchet":{"ephemeralKeyPair":{"pubKey":"BbHC55bAFGOhccxwl9qqh41uD2ptDOyfU3GB8ihCkeAg","privKey":"6FSPPSq8+KspQ7+E3UlBhl5kFpad1a7Eg5n+/MCqxEg="},"lastRemoteEphemeralKey":"BZdprK1Fo9ina/G9PKmP7kzhakXbLITP/i8MAzLRw8RI","previousCounter":0,"rootKey":"1Vp/Zho6C5Vz6N1ERFDIqwIUo7rhKiCfFphrY/vpbcQ="},"indexInfo":{"baseKey":"BdOBG3FPzYkvzfe+xpM0P7flaQ5ehxgmvfTNint8Kfl7","baseKeyType":1,"closed":1732931462141,"used":1732931457324,"created":1732931457324,"remoteIdentityKey":"BVnSxjyPTqby+IQgOl6FpDT7KVPHho9S5TNo816hN75F"},"_chains":{"BbHC55bAFGOhccxwl9qqh41uD2ptDOyfU3GB8ihCkeAg":{"chainKey":{"counter":-1,"key":"Fpc/jjFV1MYIVURxaojeA5+Z4/vTPyndB/b7ucjAhDI="},"chainType":1,"messageKeys":{}}},"pendingPreKey":{"signedKeyId":1,"baseKey":"BdOBG3FPzYkvzfe+xpM0P7flaQ5ehxgmvfTNint8Kfl7","preKeyId":29}},"BWt13FnPPYQbJTLrPfxNHAyl+cN7OYBafhrcoMCAxAs3":{"registrationId":33,"currentRatchet":{"ephemeralKeyPair":{"pubKey":"BUtH6ZlNkHumlwZfyMcwarMGG+rPGSekEmgC9onP0rAO","privKey":"sLkNnuCad3qRc1W6CiBHq0XA0XahU7iyJh9hiCYwLVM="},"lastRemoteEphemeralKey":"BZdprK1Fo9ina/G9PKmP7kzhakXbLITP/i8MAzLRw8RI","previousCounter":0,"rootKey":"Qv3wi8hiJKlaXRIcRMa68DZeJdoDaqBRy3mVH5GWpVM="},"indexInfo":{"baseKey":"BWt13FnPPYQbJTLrPfxNHAyl+cN7OYBafhrcoMCAxAs3","baseKeyType":1,"closed":1732931467331,"used":1732931462046,"created":1732931462046,"remoteIdentityKey":"BVnSxjyPTqby+IQgOl6FpDT7KVPHho9S5TNo816hN75F"},"_chains":{"BUtH6ZlNkHumlwZfyMcwarMGG+rPGSekEmgC9onP0rAO":{"chainKey":{"counter":-1,"key":"rrSxXmqQGIf1X34XC9ZztVwO53PbxkzLJmmmJfrK4ao="},"chainType":1,"messageKeys":{}}},"pendingPreKey":{"signedKeyId":1,"baseKey":"BWt13FnPPYQbJTLrPfxNHAyl+cN7OYBafhrcoMCAxAs3"}},"BZqTWiqwsKaZyZ9n3D5BY/HgfYVuS4uR5HYgd4XK/BYx":{"registrationId":33,"currentRatchet":{"ephemeralKeyPair":{"pubKey":"BfW15G33bM8DcAppnFy9SppwTTaie0Sp11WXYmySSTIp","privKey":"EE20Cv445df9dsreuy/FpcPjiriTdFRh2Y5oI06eaXs="},"lastRemoteEphemeralKey":"BZdprK1Fo9ina/G9PKmP7kzhakXbLITP/i8MAzLRw8RI","previousCounter":0,"rootKey":"ScFeuAc/TX4kzNfrukrfPkOx1t454Tv8Now52gNP2RE="},"indexInfo":{"baseKey":"BZqTWiqwsKaZyZ9n3D5BY/HgfYVuS4uR5HYgd4XK/BYx","baseKeyType":1,"closed":1732931473307,"used":1732931467329,"created":1732931467329,"remoteIdentityKey":"BVnSxjyPTqby+IQgOl6FpDT7KVPHho9S5TNo816hN75F"},"_chains":{"BfW15G33bM8DcAppnFy9SppwTTaie0Sp11WXYmySSTIp":{"chainKey":{"counter":-1,"key":"H/FJmXmLNelXM4FiK0AmNM3US+GnqthP1k3CQ0vrVyU="},"chainType":1,"messageKeys":{}}},"pendingPreKey":{"signedKeyId":1,"baseKey":"BZqTWiqwsKaZyZ9n3D5BY/HgfYVuS4uR5HYgd4XK/BYx"}},"BcglktnMkLMs4oHpn47WL0utmhYA+RqaFxYD6yBBArcT":{"registrationId":33,"currentRatchet":{"ephemeralKeyPair":{"pubKey":"BVidR/pmI1cN2NMdhreWow5fLT02G/kZsWd4Pon8tAAF","privKey":"CInApzDOM4rXNdewipWlccKNOX3gzqyVX24Pok2bw0U="},"lastRemoteEphemeralKey":"BZdprK1Fo9ina/G9PKmP7kzhakXbLITP/i8MAzLRw8RI","previousCounter":0,"rootKey":"quZK/gkMpS7E2KpfLFvuNT9q89RFcKXTOKhWCqK/XJI="},"indexInfo":{"baseKey":"BcglktnMkLMs4oHpn47WL0utmhYA+RqaFxYD6yBBArcT","baseKeyType":1,"closed":1732931477948,"used":1732931473222,"created":1732931473222,"remoteIdentityKey":"BVnSxjyPTqby+IQgOl6FpDT7KVPHho9S5TNo816hN75F"},"_chains":{"BVidR/pmI1cN2NMdhreWow5fLT02G/kZsWd4Pon8tAAF":{"chainKey":{"counter":-1,"key":"kSJMUbxbtHS20bIxkDkKejgm7Y5GPCUP26Ff8Ghstto="},"chainType":1,"messageKeys":{}}},"pendingPreKey":{"signedKeyId":1,"baseKey":"BcglktnMkLMs4oHpn47WL0utmhYA+RqaFxYD6yBBArcT"}},"BSNYS1m9kf98WgVggTEp0sE9pujtWBGBkms/JaRqYesw":{"registrationId":33,"currentRatchet":{"ephemeralKeyPair":{"pubKey":"BbeQ2Dks+GOUyRXVX3EyHNNzEQCKE8xdoF9G3AK8/XJv","privKey":"aB3EGBM1bShqZl5jQxd+M13wtNthx6mcO/rgMSasbXo="},"lastRemoteEphemeralKey":"BZdprK1Fo9ina/G9PKmP7kzhakXbLITP/i8MAzLRw8RI","previousCounter":0,"rootKey":"71b6hckUU8KQ0aqUNzZG06XQqvXD34mO545G+iR1M2A="},"indexInfo":{"baseKey":"BSNYS1m9kf98WgVggTEp0sE9pujtWBGBkms/JaRqYesw","baseKeyType":1,"closed":1732931483522,"used":1732931477820,"created":1732931477820,"remoteIdentityKey":"BVnSxjyPTqby+IQgOl6FpDT7KVPHho9S5TNo816hN75F"},"_chains":{"BbeQ2Dks+GOUyRXVX3EyHNNzEQCKE8xdoF9G3AK8/XJv":{"chainKey":{"counter":-1,"key":"2Gr44iCOjhyS7WLNOhmku9CtUsskls7kJwu/w1S8V0s="},"chainType":1,"messageKeys":{}}},"pendingPreKey":{"signedKeyId":1,"baseKey":"BSNYS1m9kf98WgVggTEp0sE9pujtWBGBkms/JaRqYesw"}},"BXWbNULPI3AIkdBLTn1FMR1oq0z7BzGYZbIiDvZ9lysw":{"registrationId":33,"currentRatchet":{"ephemeralKeyPair":{"pubKey":"BU7JD5tRdZEiXYIReGkJNslHPGmtwlHDt5oh1levSMwX","privKey":"qGauWOKm9zhTDdn1StqoIOqxPXmIO0671UQNUvTPJkg="},"lastRemoteEphemeralKey":"BUjL9Ekwm1o/XgNLbQ95COw9chIXreLWNQ9CyG5KLxEn","previousCounter":0,"rootKey":"/s/Eppbut/K1egwciSgX9Q4G04CwONEfVdjMUuZjME8="},"indexInfo":{"baseKey":"BXWbNULPI3AIkdBLTn1FMR1oq0z7BzGYZbIiDvZ9lysw","baseKeyType":1,"closed":-1,"used":1732932152230,"created":1732931483148,"remoteIdentityKey":"BVnSxjyPTqby+IQgOl6FpDT7KVPHho9S5TNo816hN75F"},"_chains":{"BUjL9Ekwm1o/XgNLbQ95COw9chIXreLWNQ9CyG5KLxEn":{"chainKey":{"counter":0,"key":"6TgYwPEePpG6b4Pgv0mhdy432a+RB2/uVO+TfpZnSzs="},"chainType":2,"messageKeys":{}},"BU7JD5tRdZEiXYIReGkJNslHPGmtwlHDt5oh1levSMwX":{"chainKey":{"counter":-1,"key":"inNkp445JjLlzumoyniZQvq3YgBPMOdwyUxAYbOVEBA="},"chainType":1,"messageKeys":{}}}}},"version":"v1"}