{"_sessions":{"BexCd5EubiRABwFqRxE7rTpWi8yaQfDGI4Q3wLNFUqIk":{"registrationId":257765499,"currentRatchet":{"ephemeralKeyPair":{"pubKey":"BXH0Fc3nIi0zlNR5OdQ4sLn/gsHEcqYSh1FdaUJBq6Uc","privKey":"ONYvMvZSAuH7g6GzfJEDgbg40MBe39boqPt7tU7NH3o="},"lastRemoteEphemeralKey":"BXPBWi2IwE5hjQ7m1zBKTCI6UYwZGMLT44Xj3qiyy4Jy","previousCounter":0,"rootKey":"RXAQA/Z3uzJlRrP71XKXazpDQfkV/mhxtksyei8GMeY="},"indexInfo":{"baseKey":"BexCd5EubiRABwFqRxE7rTpWi8yaQfDGI4Q3wLNFUqIk","baseKeyType":2,"closed":-1,"used":1732934167041,"created":1732934167041,"remoteIdentityKey":"Bfe7rZSE7V/Ot0r/jGWQ8xRqcvjJIg9Rv7+mzu5TMhND"},"_chains":{"BXPBWi2IwE5hjQ7m1zBKTCI6UYwZGMLT44Xj3qiyy4Jy":{"chainKey":{"counter":2,"key":"nhxHVMfdSCEZzKlWqeLu5m9Z0/EFyTdsN8Tultm5qqc="},"chainType":2,"messageKeys":{}},"BXH0Fc3nIi0zlNR5OdQ4sLn/gsHEcqYSh1FdaUJBq6Uc":{"chainKey":{"counter":-1,"key":"zbh6SUlfYD0GCS04gYdN09I+NR9aE/tiHB6u/z2G0go="},"chainType":1,"messageKeys":{}}}}},"version":"v1"}